# callgrind format
version: 1
creator: callgrind-3.22.0
pid: 56886
cmd:  ./multiplicacion_matrices
part: 1


desc: I1 cache: 32768 B, 64 B, 8-way associative
desc: D1 cache: 49152 B, 64 B, 12-way associative
desc: LL cache: 6291456 B, 64 B, 12-way associative

desc: Timerange: Basic block 0 - 3766626769
desc: Trigger: Program termination

positions: line
events: Ir Dr Dw I1mr D1mr D1mw ILmr DLmr DLmw
summary: 35652541412 11936173175 7657115061 2213 40712395 128978 2162 97308 128140


ob=(2) /usr/lib/x86_64-linux-gnu/libc.so.6
fl=(85) ./string/../sysdeps/x86_64/multiarch/strpbrk.c
fn=(288) strpbrk
29 1 0 0 1 0 0 1
fi=(253) ./string/../sysdeps/x86_64/multiarch/ifunc-sse4_2.h
+7 5 2 0 1 1 0 1
fe=(85)
-7 1 1

fl=(246) ./stdlib/./stdlib/cxa_finalize.c
fn=(1708) __cxa_finalize
30 10 0 5 1 0 0 1
+3 10
-3 40 0 25
+3 25 0 5
+3 20 5 0 1 0 0 1
+4 162 5
+1 132 66 0 1 4 0 1 4
+2 11 11
+2 11 11
+36 11
-5 11 0 11
-33 11 0 11
+35 33 22
+3 33 11 11
+1 33 0 11
cob=(7) /usr/lib/x86_64-linux-gnu/libstdc++.so.6.0.33
cfi=(185) ???
cfn=(1780) std::ios_base::Init::~Init()
calls=1 -82 
* 6939 2434 1155 43 144 3 43 133 3
cob=(7)
cfi=(185)
cfn=(1778) 0x00000000000b8da0
calls=1 -82 
* 8 2 1 1 0 0 1
cob=(7)
cfi=(185)
cfn=(1770) 0x00000000000b8d50
calls=1 -82 
* 773 254 130 4 31 19 4 31 19
cob=(7)
cfi=(185)
cfn=(1768) 0x00000000000e75a0
calls=1 -82 
* 2 1 0 1 0 0 1
cob=(7)
cfi=(185)
cfn=(1766) 0x00000000000e8920
calls=1 -82 
* 2 1 0 1 0 0 1
cob=(7)
cfi=(185)
cfn=(1764) 0x00000000000eca30
calls=1 -82 
* 2 1 0 1 0 0 1
cob=(7)
cfi=(185)
cfn=(1762) 0x00000000000eca40
calls=1 -82 
* 2 1 0 1 0 0 1
cob=(7)
cfi=(185)
cfn=(1760) 0x00000000001b4e80
calls=1 -82 
* 2 1
cob=(7)
cfi=(185)
cfn=(1758) 0x00000000001b4e90
calls=1 -82 
* 2 1
cob=(7)
cfi=(185)
cfn=(1756) 0x00000000001b4ea0
calls=1 -82 
* 2 1 0 1 0 0 1
cob=(7)
cfi=(185)
cfn=(1752) 0x00000000001d0060
calls=1 -82 
* 5 2 0 1 1 0 1 1
+1 44 0 11
+4 33 22
-47 34
-4 15 5 0 1 0 0 1
+57 20 5 0 1 1 0 1 1
+4 30 5 0 0 1 0 0 1
-4 15 5 0 1 0 0 1
+12 10 0 5
cfi=(247) ./posix/./posix/register-atfork.c
cfn=(1710) __unregister_atfork
calls=5 -23 
* 100 25 20 3 1 1 3 1 1
+1 20 5 5
+1 40 35

fl=(251) ./nptl/./nptl/libc-cleanup.c
fn=(1894) __libc_cleanup_push_defer
24 2 0 0 1 0 0 1
+1 2 2
+2 4 2 2 1 0 0 1
+2 4 2 0 0 1 0 0 1
+3 4
+14 6 0 2
+2 2 0 2
+1 2 2

fn=(1896) __libc_cleanup_pop_restore
54 2 0 0 1 0 0 1
+1 2 2
+2 4 2 2
+2 2 2
+1 6 2
+11 2 2 0 1 0 0 1

fl=(219) ./libio/./libio/iofwrite.c
fn=(1362) fwrite
31 90 0 60 1 0 0 1
+1 15
-1 15 0 15
+1 15
-1 30 0 15
+4 90 0 0 1 0 0 1
+2 150 75 15 1 11 0 1 5
+1 46 15 1 1 2 0 1 1
+1 1 1
fi=(224) ./libio/./libio/libioP.h
1025 1
fe=(219)
39 1 0 1
fi=(224)
1025 1
+1 2
fe=(219)
39 14 14
fi=(224)
1025 14
fe=(219)
39 14 0 14
fi=(224)
1025 14
+1 28
fe=(219)
39 75 30 15 0 3 2 0 1 2
cfi=(220) ./libio/./libio/fileops.c
cfn=(1364) _IO_file_xsputn@@GLIBC_2.2.5
calls=15 1198 
* 2672 601 342 46 11 12 46 3 10
+6 30
fi=(224)
979 30 15 0 1 0 0 1
fe=(219)
45 30
+1 15
+3 135 105
-11 28
fi=(224)
980 135 45 30 1 0 0 1
fe=(219)
37 60 15 30 1 0 0 1

fl=(103) ./string/../sysdeps/x86_64/multiarch/strchr.c
fn=(330) index
65 1 0 0 1 0 0 1
-22 2 2
+1 1 1
-2 4
+2 2 0 0 1 0 0 1
+3 2
+4 3
+3 3
+11 1 1

fl=(252) ./posix/../sysdeps/unix/sysv/linux/_exit.c
fn=(1904) _Exit
27 2 1 0 1 0 0 1
+3 2

fl=(89) ./string/../sysdeps/x86_64/multiarch/memset.c
fn=(296) memset
29 1 0 0 1 0 0 1
fi=(90) ./string/../sysdeps/x86_64/multiarch/ifunc-memset.h
+25 5 2
+3 3 1
+7 2 0 0 1 0 0 1
+9 2
+2 2
+10 2
+8 2
+3 5 1
fe=(89)

fl=(104) ./debug/../sysdeps/x86_64/multiarch/memset_chk.c
fn=(332) __memset_chk
29 1
fi=(105) ./debug/../sysdeps/x86_64/multiarch/ifunc-memset.h
+25 5 2 0 1 0 0 1
+3 3 1
+7 2
+9 2
+2 2
+10 2
+8 2
+3 5 1 0 1 0 0 1
fe=(104)

fl=(132) ./string/../sysdeps/x86_64/multiarch/stpcpy.c
fn=(410) stpcpy
33 1 0 0 1 0 0 1
fi=(118) ./string/../sysdeps/x86_64/multiarch/ifunc-strcpy.h
+5 2 2
+1 1 1
-1 2
+1 2
+3 2
+4 3
+3 3
fe=(132)
-16 1 1

fl=(123) ./wcsmbs/../sysdeps/x86_64/multiarch/wmemset.c
fn=(378) wmemset
31 2 0 0 1 0 0 1
fi=(124) ./wcsmbs/../sysdeps/x86_64/multiarch/ifunc-wmemset.h
+5 10 4
+1 6 2 0 1 0 0 1
fe=(123)
-6 2 2

fl=(120) ./string/../sysdeps/x86_64/multiarch/strchrnul.c
fn=(370) strchrnul
31 1 0 0 1 0 0 1
fi=(84) ./string/../sysdeps/x86_64/multiarch/ifunc-avx2.h
+9 3 2
-2 4
fe=(120)
-7 2 1
fi=(84)
+10 2 1 0 1 0 0 1
+1 3 1
+3 2
+4 3
+3 5
fe=(120)

fl=(174) ./nptl/./nptl/pthread_mutex_conf.c
fn=(562) __pthread_tunables_init
55 2 0 1 1 0 0 1
+1 2 0 0 1 0 0 1
-1 2 0 1
+1 2
-1 4 1 1
+1 1 0 1
cob=(4) ???
cfi=(175) ???
cfn=(564) 0x0000000004b2d720
calls=1 -56 
* 26 5 1 1 3 0 1 1
+2 4 0 1
cob=(4)
cfi=(175)
cfn=(564)
calls=1 -58 
* 25 5 1 0 2 0 0 1
+2 4 0 1 1 0 0 1
cob=(4)
cfi=(175)
cfn=(564)
calls=1 -60 
* 26 5 1 0 1
+2 6 5

fl=(208) ./misc/./misc/sbrk.c
fn=(1156) sbrk
37 688 0 344 1 0 60 1
+3 86 86 0 0 61 0 0 1
+3 86 86 0 0 63 0 0 1
-3 86 86 0 0 61 0 0 1
+3 86
+35 119 85
-20 172 0 0 1 0 0 1
+4 172
+4 252
+2 16
-2 24
+8 8 0 8
cfi=(209) ./misc/../sysdeps/unix/sysv/linux/brk.c
cfn=(1158) brk
calls=8 -38 
* 72 16 8
* 61 0 61 1 0 0 1
cfi=(209)
cfn=(1158)
calls=61 -38 
* 549 122 61
* 138
+4 483 345
-19 2 0 1 1 0 0 1
cfi=(209)
cfn=(1158)
calls=1 -23 
* 9 2 1 1 0 0 1
* 2
+4 2 1

fl=(83) ./string/../sysdeps/x86_64/multiarch/strnlen.c
fn=(284) strnlen
31 2 0 0 1 0 0 1
fi=(84)
+9 6 4
-2 8
fe=(83)
-7 4 2
fi=(84)
+10 4 2 0 1 0 0 1
+1 6 2
+3 4
+4 6
+3 10
fe=(83)

fl=(106) ./string/../sysdeps/x86_64/multiarch/strrchr.c
fn=(336) rindex
28 1
fi=(84)
+12 3 2
-2 4
fe=(106)
-10 2 1
fi=(84)
+13 2 1 0 1 0 0 1
+1 3 1
+3 2
+4 3
+3 5
fe=(106)

fl=(133) ./string/../sysdeps/x86_64/multiarch/memmove.c
fn=(414) memmove
29 2 0 0 1 0 0 1
fi=(99) ./string/../sysdeps/x86_64/multiarch/ifunc-memmove.h
+28 6 4 0 0 2
-1 4
+4 6 2 0 0 1
+14 4
+3 4
+8 4
+8 4 0 0 1 0 0 1
+3 10 2 0 2 0 0 2
fe=(133)

fl=(171) ./ctype/./ctype/ctype-info.c
fn=(556) __ctype_init
29 1 0 0 1 0 0 1
+2 7 5 1 1 4 0 1
+2 4 2 1 0 1
+2 4 2 1
+1 1 1

fl=(181) ./string/../sysdeps/x86_64/multiarch/strrchr-avx2.S
fn=(604) __strrchr_avx2
53 1 0 0 1 0 0 1
+1 1
+1 1
+2 1
+1 1 0 0 1 0 0 1
+4 1
+1 1
+1 1
+3 1 1 0 0 1
+2 1
+1 1
+1 1
+1 1
+3 1
+1 1
+2 1
+1 1
+1 1
+1 1
+1 1
+9 2 1

fl=(222) ./libio/./libio/filedoalloc.c
fn=(1370) _IO_file_doallocate
78 11 1 5 1 0 0 1
+6 4 2 0 0 1
fi=(224)
1025 3 0 0 1 0 0 1
+1 2
fe=(222)
84 3 1 1 0 1
cfi=(220)
cfn=(1372) _IO_file_stat
calls=1 1147 
* 9 2 0 2 0 0 2
* 2
+2 4 1
+11 4 1 0 1 0 0 1
+4 2 0 1
cob=(4)
cfi=(175)
cfn=(1376) 0x0000000004b2d3f0
calls=1 0 
* 179 37 18 1 1 1 1 0 1
* 1
+1 2
+2 4 0 1
cfi=(221) ./libio/./libio/genops.c
cfn=(1378) _IO_setb
calls=1 329 
* 29 8 8 1 0 0 1
+1 1
+1 9 7
-15 1 1 0 1 0 0 1
fi=(254) ./libio/../include/sys/sysmacros.h
-44 6 0 0 1 0 0 1
fe=(222)
+44 1
-2 2
+5 2 0 1

fl=(92) ./debug/../sysdeps/x86_64/multiarch/mempcpy_chk.c
fn=(304) __mempcpy_chk
29 1 0 0 1 0 0 1
fi=(93) ./debug/../sysdeps/x86_64/multiarch/ifunc-memmove.h
+28 3 2
-1 2
+4 3 1
+14 2
+3 2 0 0 1 0 0 1
+8 2
+8 2
+3 5 1 0 1 0 0 1
fe=(92)

fl=(107) ./wcsmbs/../sysdeps/x86_64/multiarch/wcscmp.c
fn=(340) wcscmp
30 1 0 0 1 0 0 1
fi=(101) ./wcsmbs/../sysdeps/x86_64/multiarch/ifunc-avx2.h
+10 3 2
-2 4
fe=(107)
-8 2 1
fi=(101)
+11 2 1 0 1 0 0 1
+1 3 1
+3 2
+4 3
+3 5
fe=(107)

fl=(125) ./string/../sysdeps/x86_64/multiarch/strcpy.c
fn=(382) strcpy
29 1 0 0 1 0 0 1
fi=(118)
+9 2 2
+1 1 1
-1 2
+1 2 0 0 1 0 0 1
+3 2
+4 3
+3 3
fe=(125)
-20 1 1

fl=(176) ./nptl/../sysdeps/unix/sysv/linux/x86/elision-conf.c
fn=(566) __lll_elision_init
92 2 0 1 1 0 0 1
+4 1
-4 2 0 1
+4 2 0 0 1 0 0 1
-4 1
+4 1
-4 3 1 1
+4 1 0 1
cob=(4)
cfi=(175)
cfn=(564)
calls=1 -96 
* 26 5 1 0 2 0 0 1
+2 4 0 1
cob=(4)
cfi=(175)
cfn=(564)
calls=1 -98 
* 26 5 1 0 2 0 0 1
+2 4 0 1 1 0 0 1
cob=(4)
cfi=(175)
cfn=(564)
calls=1 0 
* 26 5 1 0 2 0 0 1
+2 4 0 1
cob=(4)
cfi=(175)
cfn=(564)
calls=1 0 
* 26 5 1 0 2 0 0 1
+2 4 0 1
cob=(4)
cfi=(175)
cfn=(564)
calls=1 0 
* 26 5 1 0 1
+3 3 1 0 0 1 0 0 1
+1 1 0 1 1 0 1 1 0 1
+1 6 5

fl=(192) ./locale/./locale/uselocale.c
fn=(790) uselocale
30 2 0 0 1 0 0 1
+1 6 4 0 1 0 0 1
+2 4
+3 4
+1 2 0 2
+28 6 4 2 0 1
+1 6 4 2
+2 6 4 2 1 0 0 1
+4 6
+1 2 2

fl=(241) ./stdlib/./stdlib/cxa_thread_atexit_impl.c
fn=(1690) __call_tls_dtors
148 4 0 2 1 0 0 1
+1 1 1 0 1 0 0 1
-1 1 0 1
+1 3 1
+16 4 4 0 1 0 0 1

fl=(199) ./string/../sysdeps/x86_64/multiarch/memcmp-avx2-movbe.S
fn=(826) __memcmp_avx2_movbe
73 50 0 0 2 0 0 1
+7 50
+1 50
+3 1 1
+1 1 1
+1 1
+4 1
+1 1 0 0 1 0 0 1
+2 1
+1 1
+3 1 1
+1 1 1
+1 1
+3 1
+1 1
+3 1
+1 1
+3 1 1
+1 1 1
+1 1
+1 1
+1 1 0 0 1 0 0 1
+1 1 1
+1 1 1
+1 1
+1 1
+1 1
+3 1
+1 1
+6 1 1
+1 1 1
+1 1
+1 1
+4 1 1 0 1 0 0 1
+1 1 1
+2 1 1
+1 1 1
+1 1 1
+1 1 1
+3 1
+1 1
+1 1
+1 1
+1 1
+1 1
+2 2 1
+4 39 0 0 1 0 0 1
+10 39 39
+1 39 39
+1 39
+3 78 39
401 49 0 0 1 0 0 1
+1 49
+5 49
+1 49
+1 49
+1 49
+1 49
+3 49 49
+1 49 49
+1 49
+1 49
+3 49
+1 49
+1 10
+1 20 10

fl=(172) ./resource/../sysdeps/unix/sysv/linux/getrlimit64.c
fn=(558) getrlimit
38 2 0 0 1 0 0 1
+1 7
+1 1 1

fl=(86) ./string/../sysdeps/x86_64/multiarch/strcmp.c
fn=(290) strcmp
79 1 0 0 1 0 0 1
-31 2 2
+1 1 1
-2 4 0 0 1 0 0 1
+2 2
+3 2
+4 3 0 0 1 0 0 1
+3 3
+20 1 1

fl=(116) ./wcsmbs/../sysdeps/x86_64/multiarch/wcscpy.c
fn=(360) wcscpy
60 1 0 0 1 0 0 1
-17 2 2 0 1 0 0 1
-1 4
+2 3 1
+2 2 0 0 1 0 0 1
+4 3
+10 1 1

fl=(136) ./string/../sysdeps/x86_64/multiarch/strspn.c
fn=(422) strspn
29 1 0 0 1 0 0 1
fi=(253)
+7 5 2 0 1 0 0 1
fe=(136)
-7 1 1

fl=(201) ./stdlib/./stdlib/secure-getenv.c
fn=(1122) secure_getenv
28 1 0 0 1 0 0 1
+1 5 2 0 0 2
cfi=(202) ./stdlib/./stdlib/getenv.c
cfn=(1124) getenv
calls=1 -5 
* 617 174 13 7 38 0 6 2

fl=(203) ./string/../sysdeps/x86_64/multiarch/strcmp-avx2.S
fn=(1128) __strncmp_avx2
206 6 0 0 1 0 0 1
+24 6
+5 6
+14 6
+25 6
+1 6
+1 6
+2 6
+1 6 0 0 1 0 0 1
+4 6 6
+4 6 6 0 0 3
+2 6
+2 6
+3 6
+2 6
+1 6
+11 6
+10 6 6
+1 6 6
+3 6
+4 12 6
+5 6
+1 6
+1 6

fl=(207) ./malloc/./malloc/morecore.c
fn=(1154) __glibc_morecore
25 86 0 0 1 0 0 1
+1 172 86
-1 172 0 86 2 0 0 1
+4 86 0 86
cfi=(208)
cfn=(1156)
calls=86 +8 
* 3113 829 484 5 185 60 5 3
+1 172
+4 172 172

fl=(170) ./elf/./elf/libc_early_init.c
fn=(554) __libc_early_init
33 9 1 3 1 0 0 1
+2 1 0 1
cfi=(171)
cfn=(556)
calls=1 -6 
* 17 10 3 2 5 0 2
+3 1 1 0 0 1
fi=(173) ./elf/../sysdeps/nptl/pthread_early_init.h
-5 2
fe=(170)
+8 1 0 1 0 0 1 0 0 1
-3 1 0 1 0 0 1 0 0 1
+3 1 0 1 1 0 0 1
fi=(173)
-8 1 0 1
cfi=(172)
cfn=(558)
calls=1 +5 
* 10 1 0 1 0 0 1
* 3
+1 1 1
+4 5
+7 1 1
fi=(255) ./elf/../nptl/nptl-stack.h
+16 3 2 0 0 1
fi=(173)
-16 1 1 0 1 0 0 1
fi=(255)
+16 2
fi=(173)
-7 1 0 1 0 0 1 0 0 1
fi=(255)
+7 3
fi=(173)
-9 1
-6 1
+2 2
+4 4 0 1
+1 1 0 1 1 0 1 1 0 1
+3 1 0 1
cfi=(174)
cfn=(562)
calls=1 -1 
* 104 21 9 4 6 0 4 2
fe=(170)
-9 3 2
+2 2 2
-2 1
cfi=(176)
cfn=(566)
calls=1 +45 
* 169 32 14 4 10 1 4 5 1

fl=(179) ./csu/./csu/init-first.c
fn=(598) _init_first
46 6 0 2 1 0 0 1
+5 2 1
+4 5 4 0 1 2 0 1 1
+8 1 1 0 0 1
-2 1 0 1 0 0 1
+10 1
-9 1 0 1
+1 1 0 1 0 0 1 0 0 1
+9 3 2
-1 1
cfi=(180) ./misc/./misc/init-misc.c
cfn=(600) __init_misc
calls=1 -41 
* 50 11 6 5 2 1 5

fl=(182) ./libio/./libio/vtables.c
fn=(606) check_stdfiles_vtables
545 1 0 0 1 0 0 1
+1 4 2 0 0 2
+1 3 2 0 1 1 0 1
+1 3 2 0 0 1
+2 1 1

fl=(209)
fn=(1158)
36 70 0 0 1 0 0 1
fi=(256) ./misc/../sysdeps/unix/sysv/linux/brk_call.h
-12 140
fe=(209)
+13 140 70 70
+1 140
+6 70
+1 70 70

fl=(213) ./csu/../sysdeps/nptl/libc_start_call_main.h
fn=(1324) (below main)
29 4 0 2 1 0 0 1
+15 1
-15 5 1 3
+15 1 0 1 1 0 0 1
cfi=(214) ./setjmp/../sysdeps/x86_64/bsd-_setjmp.S
cfn=(1326) _setjmp
calls=1 -16 
* 38 8 11 4 1 0 4
* 1
+2 2
+5 2 1 1 0 1
+1 2 1 1 0 1
+3 2 0 1
+3 6 5 1 1 0 0 1
cob=(8) /home/daz/Escritorio/Paralela/lab2/multiplicacion_matrices
cfi=(217) /home/daz/Escritorio/Paralela/lab2/multiplicacion_matrices.cpp
cfn=(1332) main
calls=1 -49 
* 35650653053 11935675775 7656939862 305 40700636 126449 293 89965 126348
+16 2 0 1
cfi=(240) ./stdlib/./stdlib/exit.c
cfn=(1686) exit
calls=1 +63 
* 10786 3538 1790 183 261 41 183 247 39

fl=(196) ./iconv/./iconv/gconv_simple.c
fn=(806) __gconv_btwoc_ascii
49 128 0 0 1 0 0 1
+2 512
+3 128 128

fl=(127) ./string/../sysdeps/x86_64/multiarch/strlen.c
fn=(394) strlen
29 2 0 0 2 0 0 1
fi=(84)
+11 6 4 0 0 1
-2 8
fe=(127)
-9 4 2
fi=(84)
+12 4 2
+1 6 2 0 2 0 0 1
+3 4
+4 6
+3 10
fe=(127)

fl=(221)
fn=(1382) _IO_default_xsputn
371 11 0 7 1 0 0 1
+3 4 0 0 1 0 0 1
fi=(224)
1025 1
fe=(221)
373 2
+26 26 8
fi=(224)
1025 16
+1 16
fe=(221)
399 32 16 8
cfi=(220)
cfn=(1366) _IO_file_overflow@@GLIBC_2.2.5
calls=8 732 
* 312 80 48 1 0 0 1
* 16
+2 8
-2 8
-20 36 18 0 1 0 0 1
-4 1 1 0 1 0 0 1
+29 8 7

fn=(1378)
329 11 0 5 1 0 0 1
+1 4 2
+5 2
-3 1 0 1
+3 2
-2 1 0 1
+2 2 0 1
+3 6 6

fn=(1892) _IO_flush_all
686 5 0 3 1 0 0 1
+5 1
-5 1 0 1
+5 1
-5 6 1 3 1 0 0 1
+5 4 0 3
cfi=(251)
cfn=(1894)
calls=1 24 
* 13 4 3 2 1 0 2 1
+1 6 3 0 1 1 0 1 1
-5 1 0 0 1 0 0 1
fi=(224)
1025 2
fe=(221)
708 33 12 6 1 0 0 1
+1 3 0 3
-14 9 3 0 0 1
+2 3 0 3 1 0 0 1
+1 27 15 0 1 2 0 1 2
+2 21 9 0 1 2 0 1 2
+13 7 2 2 1 0 0 1
+1 2 0 1
cfi=(251)
cfn=(1896)
calls=1 54 
* 9 5 1 2 0 0 2
+4 12 9
-20 9 0 6 1 0 0 1
-6 2 1 1 1 0 0 1
-5 2
+8 1 1
-3 1 0 1
+3 2

fn=(1902) _IO_default_setbuf
452 8 0 4 1 0 0 1
fi=(224)
1025 1
fe=(221)
452 1 0 1
+1 1 1
-1 1
fi=(224)
1025 2
+1 2
fe=(221)
453 2 1 1
cfi=(220)
cfn=(1796) _IO_file_sync@@GLIBC_2.2.5
calls=1 793 
* 21 8 4
* 2 0 0 1 0 0 1
+4 1 1
330 1 1
462 1
-7 2
332 1 0 1
466 1
337 1
-4 1 0 1
+4 1 0 1
467 1
-1 3 0 3
+2 6 6
-11 1 0 0 1 0 0 1
+1 2
-1 1 0 1
330 4

fn=(1368) _IO_doallocbuf
343 1 0 0 1 0 0 1
+1 2 1
-1 7 0 4 1 0 0 1
+3 3 1
+1 1 1
fi=(224)
1025 3
+1 2
fe=(221)
347 2 1 1 1 1 0 1
cfi=(222)
cfn=(1370)
calls=1 78 
* 281 61 35 9 3 1 9 0 1
* 2
+3 6 5

fn=(1890) _IO_cleanup
842 6 0 4 1 0 0 1
-66 1
+66 6 1 3
+1 1 0 1
cfn=(1892)
calls=1 686 
* 183 65 37 15 7 0 15 6
-67 2 0 1
+67 1
-67 3 0 2 1 0 0 1
cfi=(251)
cfn=(1894)
calls=1 24 
* 13 4 3
+1 6 3
fi=(224)
1025 1 0 0 1 0 0 1
fe=(221)
785 1 1
-1 1 0 1
+1 4 2
-1 2 0 2
+1 25 12 0 1 0 0 1
+9 6 2 0 1 0 0 1
+2 4 1
+4 1 1
-2 1
+3 1 0 1
-3 1 0 1
+2 2 1 1 1 0 0 1
+5 1 1
fi=(224)
1025 2
+1 2
fe=(221)
805 4 1 1
cfi=(220)
cfn=(1900) _IO_file_setbuf@@GLIBC_2.2.5
calls=1 382 
* 87 22 23 5 0 0 5
+2 3 1
+9 1 1
-2 1 0 1
+2 2
-2 1 0 1
+2 2
+1 3 0 3 1 0 0 1
-37 9 3
+41 7 2 2 1 0 0 1
+1 2 0 1
cfi=(251)
cfn=(1896)
calls=1 54 
* 9 5 1
+33 12 9
-78 2 2
+39 24 6 6 1 0 0 1
-2 1 0 1 1 0 0 1
+2 1
-31 6 0 6 1 0 0 1
+7 7
-15 1 0 1 1 0 0 1
+3 2 1 0 1 0 0 1
-3 1 0 1
+3 2

fl=(225) ./string/../sysdeps/x86_64/multiarch/memmove-vec-unaligned-erms.S
fn=(1430) __mempcpy_avx_unaligned_erms
242 14 0 0 1 0 0 1
+1 14
+1 14
+1 14
+17 14 0 0 1 0 0 1
+1 14
+42 14
+1 14
+2 14
+1 14
+2 11
+4 11
+1 7 0 0 1 0 0 1
+1 7
+1 7 7
+1 7
+1 4 4
+1 4 0 4
+2 4 0 4
+2 4 4
-2 3 0 3
+2 3 3
+6 4 4
+1 4 4
+1 4 0 4 0 0 2 0 0 1
+1 4 0 4
+1 4 4
+29 3 3 0 1 0 0 1
+1 3 3
+1 3 0 3 0 0 3 0 0 2
+1 3 0 3
+1 3 3

fn=(1432) __memcpy_avx_unaligned_erms
255 2000
+1 2000
+6 2000
+1 2000
+2 2000 2000
+1 2000
+1 2000
386 2000 2000 0 1 1 0 1
+1 2000
+5 2000
+1 2000
+24 2000 0 0 1 0 0 1
+1 2000
+4 2000
+2 2000 0 0 1 0 0 1
+4 2000 2000 0 0 1
+1 2000
+11 2000
+3 2000
+2 2000
+2 2000
+4 2000
+1 2000
+9 1875 1875
+1 1875 1875
+2 1875
+2 1875
+1 1875 1875 0 1 0 0 1
+1 1875 1875
+3 1875
+2 1875
+2 1875
+2 3750
+6 1875 1875
+1 1875 1875
+1 1875 1875
+1 1875 1875
+1 1875
+1 1875 0 1875 0 0 1406 0 0 1406
+1 1875 0 1875 0 0 938 0 0 938
+1 1875 0 1875 1 0 937 1 0 937
+1 1875 0 1875 0 0 938 0 0 938
+1 1875
+1 1875
+1 1875
-11 55313 55313
+1 55313 55313
+1 55313 55313
+1 55313 55313
+1 55313
+1 55313 0 55313 0 0 27642 0 0 27642
+1 55313 0 55313 0 0 27671 0 0 27671
+1 55313 0 55313 0 0 27642 0 0 27642
+1 55313 0 55313 0 0 27202 0 0 27202
+1 55313
+1 55313
+1 55313
+2 1875 0 1875 0 0 468 0 0 468
+1 1875 0 1875 0 0 469 0 0 469
+1 1875 0 1875 0 0 468 0 0 468
+1 1875 0 1875
+2 1875 0 1875
+4 3750 1875
+13 125 125
+1 125 125
+2 125 0 0 1 0 0 1
+1 125 125
+1 125 125
+2 125
+2 125
+2 250
+6 125 125
+1 125 125
+1 125 125
+1 125 125
+1 125
+1 125 0 125 0 0 94 0 0 94
+1 125 0 125 1 0 63 1 0 63
+1 125 0 125 0 0 62 0 0 62
+1 125 0 125 0 0 63 0 0 63
+1 125
+1 125
+1 125
-11 3687 3687
+1 3687 3687
+1 3687 3687
+1 3687 3687
+1 3687
+1 3687 0 3687 0 0 1829 0 0 1829
+1 3687 0 3687 0 0 1858 0 0 1858
+1 3687 0 3687 0 0 1829 0 0 1829
+1 3687 0 3687 0 0 1827 0 0 1827
+1 3687
+1 3687
+1 3687
+2 125 0 125 0 0 31 0 0 31
+1 125 0 125 0 0 32 0 0 32
+1 125 0 125 0 0 31 0 0 31
+1 125 0 125
+2 125 0 125
+1 250 125

fl=(94) ./debug/../sysdeps/x86_64/multiarch/memcpy_chk.c
fn=(308) __memcpy_chk
29 1 0 0 1 0 0 1
fi=(93)
+28 3 2
-1 2
+4 3 1
+14 2
+3 2 0 0 1 0 0 1
+8 2
+8 2
+3 5 1 0 1 0 0 1
fe=(94)

fl=(180)
fn=(600)
30 1 0 0 1 0 0 1
+1 2
-1 4 0 3
+1 4 1
+2 3 0 1
cob=(4)
cfi=(175)
cfn=(602) 0x0000000004b2d660
calls=1 -33 
* 24 3 0 3 2 0 3
+4 5 1 1 0 0 1
+1 3 2 1 1 0 0 1
+2 4 4

fl=(247)
fn=(1710)
82 10 0 5 1 0 0 1
+1 10
-1 20 0 5
+1 10 0 5 0 0 1 0 0 1
fi=(248) ./posix/../malloc/dynarray-skeleton.c
243 5 5 0 0 1 0 0 1
fe=(247)
71 10 0 0 1 0 0 1
+38 20 5 5 1 0 0 1
+1 15 15

fl=(100) ./wcsmbs/../sysdeps/x86_64/multiarch/wcscat.c
fn=(324) wcschr
31 2 0 0 1 0 0 1
fi=(101)
+9 6 4
-2 8 0 0 1 0 0 1
fi=(102) ./wcsmbs/../sysdeps/x86_64/multiarch/wcschr.c
-7 4 2
fi=(101)
+10 4 2
+1 6 2
+3 4
+4 6
+3 10 0 0 1 0 0 1
fe=(100)

fn=(390) wcscat
31 1 0 0 1 0 0 1
fi=(97) ./wcsmbs/../sysdeps/x86_64/multiarch/ifunc-wcs.h
+9 3 2
-1 4
+2 3 1
+3 2
+4 4
fe=(100)
-17 1 1

fl=(108) ./string/../sysdeps/x86_64/multiarch/stpncpy.c
fn=(344) stpncpy
31 1 0 0 1 0 0 1
fi=(109) ./string/../sysdeps/x86_64/multiarch/ifunc-strncpy.h
+4 5 2 0 1 0 0 1
+1 3 1
+3 2
+4 3
+3 4
fe=(108)
-15 1 1

fl=(204) ./malloc/./malloc/malloc.c
fn=(1160) alloc_perturb
1985 6024 2008 0 1 0 0 1
+2 2008 2008

fn=(1604) free
3359 2008 0 0 1 0 0 1
+4 4016
-4 6024 0 4016 1 0 0 1
+14 2008
-14 6024 0 4016
+12 2008 2008 0 0 5 0 0 1
+4 2008 2008 0 0 8
-4 2008 2008 0 0 5 0 0 1
+4 4016
+17 6024 4016 0 0 2 0 0 2
fi=(205) ./malloc/./malloc/arena.c
153 6024
fe=(204)
3398 6024 0 2008 1 0 0 1
cfn=(1608) _int_free
calls=2008 4495 
* 410436 122870 62168 21 2013 3 21 459 2
+3 2008 0 2008
+1 12048 10040

fn=(1140) malloc
3294 16080 0 8040 1 0 0 1
+7 4020 2010 0 0 1 0 0 1
1326 4018
+19 10050 0 0 1 0 0 1
3311 4020
+2 8040 4020
+3 4018 2009
+10 4020 2010 0 1 0 0 1
+28 12060 10050
3248 4 2 1 1 0 0 1
cfn=(1150) tcache_init.part.0
calls=1 -6 
* 473 88 137 47 3 11 47 1 11
+68 2 1 0 1 0 0 1
+2 3 1
+10 8040 0 2010 1 0 0 1
cfn=(1152) _int_malloc
calls=2010 3846 
* 266198 48694 27450 9 363 2067 6 0 2007
+1 10050 2010 0 1 0 0 1
fi=(205)
153 4020
264 1 0 1 1 0 0 1
cfn=(1144) ptmalloc_init.part.0
calls=1 -2 
* 1151 70 160 11 26 35 9 11 33
fe=(204)
1326 2

fn=(1668) unlink_chunk.isra.0
1608 1997 0 1997 1 0 0 1
+2 5991 1997
-2 1997
+2 3994 1997 0 1 0 0 1
+3 1997 1997
+1 3994 1997
+2 7988 3994
-3 1997 1997
+6 1997 0 1997
+1 1997 0 1997
+1 9985 1997 0 1 0 0 1
+24 3994 3994

fn=(1152)
3846 22121 2011 14077 1 0 0 1
1326 4022
+19 12066 0 0 1 0 0 1
3887 4022
1794 2011 2011
3914 4022
+63 4022 0 0 2 0 0 2
+62 20125
+1 6030 2010
+20 2011 2011 0 1 0 0 1
-1 2011
-1 2011
+1 4022 0 2011
+1 4022 2011
-2 4020 2010
+12 10055 2011 2011
-1 6 0 3 1 0 0 1
+4 6 3
+1 3
+2 6
+1 9 3
+2 3 3
+1 12 0 0 1 0 0 1
+2 12 3
-10 3 3
+12 6 3
+1 6 3
+2 6
+11 12 0 0 1 0 0 1
+29 3 0 3
+1 3 0 3
+4 6
3980 1 0 0 1 0 0 1
+2 1 1
-2 1
+2 2
4134 3 0 0 1 0 0 1
+1 3 0 0 1 0 0 1
-1 3 0 3
+1 6
-14 3
+19 6
1985 9 3
4487 24132 18099 0 1 0 0 1
4257 6024 0 0 2 0 0 2
+2 6021
+3 2007 2007 0 0 3
-3 2007
+3 4014
+1 2008
+71 6024
-4 2008
+1 2008
+1 2008
-1 2008 0 0 1 0 0 1
+1 2008
+1 4016 2008
+1 6024
+5 8032
+4 6024 0 0 2 0 0 2
+3 8 2
-3 6
+3 4 1
-3 3
4443 2008 2008 0 1 0 0 1
+1 4016 2008
+2 4016 2008 0 0 1
+3 6024 0 0 1 0 0 1
+17 244 61 61
4070 1 0 0 1 0 0 1
-91 6
2552 61 61 0 1 61 0 1
+12 61 61 0 0 60
-12 305 61 122 0 60
+12 61
4460 6024 0 2008 1 0 0 1
cfn=(1160)
calls=2008 1985 
* 8032 4016 0 1 0 0 1
+1 2008 0 0 1 0 0 1
-9 3894
+2 3894
-1 1947 0 1947
+1 1947
-3 1947
+3 1947
+2 1947
-2 7788 0 1947
+2 1947 0 1947 0 0 1947 0 0 1947
+3 3894 0 0 1 0 0 1
2553 61 0 61 1 0 0 1
+36 183 61
+1 61
-1 61 0 61
+1 61 0 61
+9 604 180
+6 180 120
+3 183 0 0 1 0 0 1
2921 183 122 0 2 0 0 1
+1 61 0 61 2 0 0 1
+4 61 61
+4 305 122
+5 61
-2 61
+5 61
-3 122
-3 61
+2 61 0 61
+1 61
+1 61 0 0 1 0 0 1
-1 183 0 61
+1 61 0 61 0 0 61 0 0 61
4482 61
2669 183 61 61 1 0 0 1
+8 122 61 0 1 0 0 1
+1 183 61 61
+13 61 61
+2 61 61
-2 122
+8 305 61 61
+8 122 0 0 1 0 0 1
+48 4 2 0 2 0 0 2
+40 3
+19 2 1 0 1 0 0 1
+3 2
+1 6 1
+2 1
+1 5 0 4 1 0 0 1
cfi=(207)
cfn=(1154)
calls=1 25 
* 33 11 6
+12 4 3
-12 1
+12 1
2008 4 1
3882 1
2873 1
+3 1
-1 1 0 1
+1 4 0 1 1 0 1 1 0 1
+12 1 1
-11 1 0 1
+11 2
2783 1 0 0 1 0 0 1
-1 2
2017 2 2 0 1 0 0 1
2745 1 0 1
+1 1
+6 3 1
-6 1 0 1
+6 3 0 0 1 0 0 1
-6 60
+6 180 60
-6 60 0 60
+6 300
+1 360 60 60
-44 183 0 122 1 0 0 1
cfi=(207)
cfn=(1154)
calls=61 25 
* 3004 796 490 8 180 60 7
+1 122 61
-1 61
+1 61
2008 61 61
2711 61
2008 183
2712 61
+3 122
+29 423 181 0 1 1 0 1 1

fn=(1608)
4495 14056 0 8032 1 0 0 1
+4 6024 2008
+6 8032
+1 4016 0 0 1 0 0 1
+4 10040
+8 8032 4016
-1 4016
+1 4016 2008 0 0 1 0 0 1
1792 2008 2008 0 1 1 0 1 1
4561 4016
+76 4016 2008 0 1 0 0 1
+3 4016 2008
+18 2008
-12 2008
+12 8032 8032
-12 2008
cfn=(1610) _int_free_merge_chunk
calls=2008 +19 
* 324092 100782 54136 17 2011 3 17 457 2

fn=(1150)
3242 4 0 2 1 0 0 1
+9 8 2 1 1 0 0 1
+1 3 0 1
cfn=(1152)
calls=1 3846 
* 359 81 50 44 3 2 44 1 2
+1 2
+8 4 1 1
+9 1 1 0 1 0 0 1
fi=(210) ./malloc/../string/bits/string_fortified.h
59 2
fe=(204)
3270 1 0 1
fi=(210)
59 86 0 81 0 0 9 0 0 9
fe=(204)
3274 3 3

fn=(1670) systrim.constprop.0
2957 8742 0 5828
+9 4371 2914
+2 1457 0 0 1 0 0 1
+1 2914
+5 1457 1457
+1 1457
-1 2914
+4 7285 2914 0 0 1 0 0 1
+2 2914
-10 1449
+50 8742 7285
-33 16 0 8 1 0 0 1
cfi=(207)
cfn=(1154)
calls=8 25 
* 264 88 48 0 5 0 0 3
* 8
+1 32 8
+12 24 0 8
cfi=(207)
cfn=(1154)
calls=8 25 
* 408 104 64
+1 16 0 8
cfi=(207)
cfn=(1154)
calls=8 25 
* 264 88 48
+2 8
+2 16
+4 16
+4 16 8
-1 8 0 8
+1 16 0 8
+2 16

fn=(1610)
4665 10040 0 8032 1 0 0 1
+1 2008
-1 6024 0 4016 1 0 0 1
+5 12048 2008 0 0 1 0 0 1
+3 4016 2008 0 0 1 0 0 1
+5 6024 2008 0 0 4 0 0 1
+3 4016
+1 4016 0 0 1 0 0 1
+1 4016 2008 0 0 1 0 0 1
1992 6024 2008
4689 4016 2008
+2 1997 1997
+2 1997
-1 1997
+2 7988 1997 0 0 1 0 0 1
+2 3994 0 1997
cfn=(1668)
calls=1997 1608 
* 47928 19970 5991 3 0 0 3
+18 4016 2008 0 1 0 0 1
+6 4000 2000 0 0 1995 0 0 446
+4 2000 0 2000
+9 2000 2000
-1 2000
+1 6000
+1 4000 2000 0 0 1 0 0 1
+2 2000 0 2000 1 0 1 1 0 1
+2 4000
+5 2000 0 2000
+1 2000 0 2000
+2 6000 0 2000
+1 2000 0 2000
-45 2000
-1 4000
+1 12000 12000
-1 2000
cfn=(1612) _int_free_maybe_consolidate
calls=2000 +69 
* 116103 42218 19796 4 1 1 4 1 1
+1 8
-1 16
+1 48 48
-1 8
cfn=(1612)
calls=8 +69 
* 1656 488 288 3 6 0 3 4
+39 6000 0 2000 1 0 1 1
+16 8
+1 24 0 8
+1 16 0 8
-83 6024 2008 0 1 0 0 1
-2 4016

fn=(1612)
4770 22088 2008 14056 1 0 1 1 0 1
+6 4016 0 0 1 0 0 1
+22 6061 4959
-20 7760 1940
+3 5820 0 0 1 0 0 1
+3 9700 5820 0 1 1 0 1 1
+1 5828 4371 0 1 0 0 1
+13 10199 8742
-13 1457
cfn=(1670)
calls=1457 2957 
* 44830 14866 6028 2 6 0 2 4

fl=(202)
fn=(1124)
24 9 0 6 2 0 0 2
+1 8 3 0 0 1 0 0 1
+3 1 0 1
cob=(4)
cfi=(175)
cfn=(820) 0x0000000004b2d500
calls=1 -28 
* 16 3 0 1 1 0 0 1
+1 1 1 0 0 1
-1 1
+1 250 62 0 0 8
+2 124 62 0 1 23 0 1
+1 24 0 6
cob=(4)
cfi=(175)
cfn=(1126) 0x0000000004b2d600
calls=6 -32 
* 162 36 0 3 4 0 3
* 12
+5 9 7

fl=(223) ./io/../sysdeps/unix/sysv/linux/fstat64.c
fn=(1374) fstat
30 1 0 0 1 0 0 1
+9 4
+33 1 1

fl=(243) ./nptl/./nptl/pthread_mutex_lock.c
fn=(1694) pthread_mutex_lock@@GLIBC_2.2.5
77 1 0 0 1 0 0 1
+3 3 1
+2 1
+2 2
-7 4 0 2
+11 2
+91 1 1 0 1 0 0 1
+3 1 0 1 1 0 0 1
+2 1 0 1
+3 1
-63 1
+66 3 3
-93 2 0 0 1 0 0 1
+11 4 1
+4 1 1 0 0 1 0 0 1
+3 2 1
-71 1 1 0 1 0 0 1
+1 7 2 0 1 0 0 1
+1 1 0 1
+84 3 1
+1 2 0 1

fl=(117) ./string/../sysdeps/x86_64/multiarch/strcat.c
fn=(362) strcat
29 1 0 0 1 0 0 1
fi=(118)
+9 2 2
+1 1 1
-1 2
+1 2 0 0 1 0 0 1
+3 2
+4 3
+3 3
fe=(117)
-20 1 1

fl=(198) ./string/../sysdeps/x86_64/multiarch/strlen-avx2.S
fn=(822) __strlen_avx2
52 78 0 0 1 0 0 1
+13 78
+1 78
+1 78
+3 78
+2 78
+1 78
+3 78 78 0 0 10 0 0 9
+1 78
+8 78
+1 78
+1 78
+5 156 78

fl=(139) ./string/../sysdeps/x86_64/multiarch/strncase.c
fn=(432) strncasecmp
31 1 0 0 1 0 0 1
fi=(114) ./string/../sysdeps/x86_64/multiarch/ifunc-strcasecmp.h
+6 2 2
-1 4
fe=(139)
-5 2 1
fi=(114)
+7 3 1 0 1 0 0 1
+3 2
+4 3
+3 4
fe=(139)

fl=(110) ./wcsmbs/../sysdeps/x86_64/multiarch/wmemchr.c
fn=(348) wmemchr
31 2 0 0 1 0 0 1
fi=(111) ./wcsmbs/../sysdeps/x86_64/multiarch/ifunc-evex.h
+7 6 4 0 1 0 0 1
-1 8
+2 6 2
+6 4
-3 4
+9 6
+3 8 0 0 1 0 0 1
fe=(110)
-23 2 2

fl=(193) ./wcsmbs/./wcsmbs/wctob.c
fn=(796) wctob
30 1280 128 640 1 0 0 1
+9 384
+6 128
-1 256
+35 1152 896 0 1 0 0 1

fl=(249) ./libio/./libio/iofflush.c
fn=(1794) fflush
32 10 0 0 1 0 0 1
+1 20
-1 50 0 30
+7 20 10 0 0 2 0 0 1
+1 10 10 0 0 2 0 0 1
fi=(224)
1025 30 0 0 1 0 0 1
+1 20
fe=(249)
40 20 10 10 0 1
cfi=(220)
cfn=(1796)
calls=10 793 
* 210 80 40 4 1 0 4 1
* 20
fi=(224)
979 20 10
+1 80 30 20
fe=(249)
44 50 40
-5 100 40 20 2 3 0 2 1

fl=(95) ./string/../sysdeps/x86_64/multiarch/memrchr.c
fn=(312) memrchr
29 1 0 0 1 0 0 1
fi=(84)
+11 3 2
-2 4
fe=(95)
-9 2 1
fi=(84)
+12 2 1
+1 3 1 0 1 0 0 1
+3 2
+4 3
+3 5
fe=(95)

fl=(195) ./elf/./elf/libc-dl-profstub.c
fn=(804) _dl_mcount_wrapper_check
36 128 0 0 1 0 0 1
+1 384 256
+1 128 128 0 1 0 0 1

fl=(214)
fn=(1326)
28 1 0 0 1 0 0 1
+2 1
+2 1
cfi=(215) ./setjmp/../sysdeps/x86_64/setjmp.S
cfn=(1328) __sigsetjmp
calls=1 -1 
* 35 8 11 3 1 0 3

fl=(128) ./string/../sysdeps/x86_64/multiarch/strncpy.c
fn=(398) strncpy
29 1 0 0 1 0 0 1
fi=(109)
+6 5 2
+1 3 1
+3 2
+4 3 0 0 1 0 0 1
+3 4
fe=(128)
-17 1 1

fl=(190) ./locale/./locale/newlocale.c
fn=(714) newlocale
43 15 1 8 2 0 0 2
+12 2
277 12 9 0 1 0 0 1
63 2 0 0 1 0 0 1
+3 1
-10 1 0 1
+10 2
+7 3 2 0 1 0 0 1
+2 1
-2 1 0 0 1 0 0 1

fl=(197) ./wctype/./wctype/wctype_l.c
fn=(818) wctype_l
26 80 0 50 1 0 0 1
+7 10
-7 30 0 10
+3 10 0 10
cob=(4)
cfi=(175)
cfn=(820)
calls=10 -29 
* 160 30 0 2 4 0 2 3
* 10
+3 30 20 10 0 1
+1 10
+7 48
+1 96 48
-8 48
+2 96 0 48
cob=(4)
cfi=(175)
cfn=(820)
calls=48 -35 
* 768 144 0 0 1 0 0 1
* 20 0 10 1 0 0 1
cob=(4)
cfi=(175)
cfn=(820)
calls=10 -35 
* 160 30 0 0 1 0 0 1
* 58
+2 312 0 49
cob=(4)
cfi=(175)
cfn=(824) 0x0000000004b2d580
calls=49 -37 
* 1146 274 0 4 1 0 4
* 98
+8 20 20 0 0 1
+1 10 10 0 1 2 0 1
+1 80 70

fl=(115) ./string/../sysdeps/x86_64/multiarch/strcspn.c
fn=(358) strcspn
29 1 0 0 1 0 0 1
fi=(253)
+7 5 2
fe=(115)
-7 1 1

fl=(134) ./string/../sysdeps/x86_64/multiarch/memchr.c
fn=(418) memchr
29 1 0 0 1 0 0 1
fi=(135) ./string/../sysdeps/x86_64/multiarch/ifunc-evex.h
+9 3 2 0 1 0 0 1
-1 4
+2 3 1
+6 2
-3 2
+9 3
+3 4
fe=(134)
-25 1 1

fl=(240)
fn=(1688) __run_exit_handlers
38 12 0 8 1 0 1 1
+2 2
+3 5 0 1 1 0 1 1 0 1
+11 2 2 0 0 1 0 0 1
+2 2
+38 2
-30 39 13 0 0 1 0 0 1
+2 12
+1 12 12
-1 12 0 12 1 0 0 1
+3 106 12 0 0 1 0 0 1
+44 3 1 0 1 0 0 1
+13 1 0 0 1 0 0 1
-66 1 0 1 0 0 1 0 0 1
+66 3 1 1
+2 2 1
+3 2 0 1
cfi=(252)
cfn=(1904)
calls=1 27 
* 6 1 0 1 0 0 1
-29 1 1 0 1 0 0 1
+1 1 1 0 0 1 0 0 1
-2 1 0 1
+3 1
+3 1
-3 2 1
+3 3 1 1
+1 3 0 1
cob=(1) /usr/lib/x86_64-linux-gnu/ld-linux-x86-64.so.2
cfi=(242) ./elf/./elf/dl-fini.c
cfn=(1692) _dl_fini
calls=1 -82 
* 10049 3336 1649 136 250 38 136 237 37
+1 4 0 1 1 0 0 1
+10 3 2 1 1 0 0 1
+1 2
-79 1 0 1 1 0 0 1
cfi=(241)
cfn=(1690)
calls=1 148 
* 13 6 3 3 0 0 3
* 1
+88 1 0 1
cfi=(221)
cfn=(1890)
calls=1 842 
* 467 147 105 33 7 0 33 6
* 1

fn=(1686)
137 2 0 1 1 0 0 1
+1 3
-1 1
+1 1 0 1
cfn=(1688)
calls=1 38 
* 10779 3538 1788 182 261 41 182 247 39

fl=(87) ./wcsmbs/../sysdeps/x86_64/multiarch/wcsnlen.c
fn=(292) wcsnlen
30 1 0 0 1 0 0 1
fi=(88) ./wcsmbs/../sysdeps/x86_64/multiarch/ifunc-wcslen.h
+11 2 2 0 1 0 0 1
-1 4
+2 3 1
+3 2 0 0 1 0 0 1
+4 3
+3 3
fe=(87)
-22 1 1

fl=(226) ./io/../sysdeps/unix/sysv/linux/write.c
fn=(1438) write
25 3 0 0 1 0 0 1
+1 18 3 0 1 0 0 1
+1 3 3

fl=(98) ./string/../sysdeps/x86_64/multiarch/memcmpeq.c
fn=(320) memcpy@@GLIBC_2.14
29 1 0 0 1 0 0 1
fi=(99)
+28 3 2
-1 2
+4 3 1 0 1 0 0 1
+14 2
+3 2
+8 2
+8 2 0 0 1 0 0 1
+3 5 1 0 1 0 0 1
fe=(98)

fl=(126) ./string/../sysdeps/x86_64/multiarch/strcasecmp_l.c
fn=(386) strcasecmp_l
31 1
fi=(114)
+6 2 2 0 1 0 0 1
-1 4
fe=(126)
-5 2 1
fi=(114)
+7 3 1 0 1 0 0 1
+3 2
+4 3
+3 4
fe=(126)

fl=(238) ./time/../sysdeps/unix/sysv/linux/clock_gettime.c
fn=(1630) clock_gettime@@GLIBC_2.17
30 4 0 0 1 0 0 1
+8 8 8 0 0 6 0 0 2
+2 8
+28 8
+1 8 0 0 1 0 0 1
-25 8 4

fl=(96) ./wcsmbs/../sysdeps/x86_64/multiarch/wcsncpy.c
fn=(316) wcsncpy
31 1 0 0 1 0 0 1
fi=(97)
+9 3 2
-1 4
+2 3 1
+3 2
+4 4
fe=(96)
-17 1 1

fl=(138) ./string/../sysdeps/x86_64/multiarch/mempcpy.c
fn=(428) mempcpy
33 1
fi=(99)
+24 3 2
-1 2
+4 3 1 0 1 0 0 1
+14 2
+3 2
+8 2
+8 2 0 0 1 0 0 1
+3 5 1 0 1 0 0 1
fe=(138)

fl=(205)
fn=(1144)
262 1 0 1 1 0 0 1
fi=(206) ./malloc/../sysdeps/unix/sysv/linux/not-cancel.h
97 3
fe=(205)
262 7 1 3
+5 1 0 1 1 0 0 1
fi=(206)
97 3
fi=(204)
3143 2
fe=(205)
292 2 1 0 1 1 0 1
+4 3 1 1 1 1 1 1
fi=(204)
1946 4
+3 1
-3 1
+3 2 0 1 0 0 1 0 0 1
-3 2
+3 126
-3 126
+3 252 0 126 0 0 32 0 0 31
-3 252
+11 1 0 1
fe=(205)
300 3 0 0 1 0 0 1
fi=(204)
1958 1 0 1 0 0 1 0 0 1
+2 1 0 1
fe=(205)
300 1 0 1
cob=(4)
cfi=(175)
cfn=(564)
calls=1 0 
* 25 5 1 2 3 0 0 1
+1 4 0 1
cob=(4)
cfi=(175)
cfn=(564)
calls=1 0 
* 26 5 1 0 1
+1 4 0 1 1 0 0 1
cob=(4)
cfi=(175)
cfn=(564)
calls=1 0 
* 25 5 1 0 2 0 0 1
+1 4 0 1
cob=(4)
cfi=(175)
cfn=(564)
calls=1 0 
* 25 5 1 0 2 0 0 1
+1 4 0 1
cob=(4)
cfi=(175)
cfn=(564)
calls=1 0 
* 26 5 1 0 2 0 0 1
+1 4 0 1
cob=(4)
cfi=(175)
cfn=(564)
calls=1 0 
* 25 5 1 0 2 0 0 1
+1 4 0 1 1 0 0 1
cob=(4)
cfi=(175)
cfn=(564)
calls=1 0 
* 25 5 1 0 2 0 0 1
+2 4 0 1
cob=(4)
cfi=(175)
cfn=(564)
calls=1 0 
* 25 5 1 0 1
+1 4 0 1
cob=(4)
cfi=(175)
cfn=(564)
calls=1 0 
* 25 5 1 0 2 0 0 1
+1 4 0 1 1 0 0 1
cob=(4)
cfi=(175)
cfn=(564)
calls=1 0 
* 25 5 1 0 2 0 0 1
+3 4 0 1
cob=(4)
cfi=(175)
cfn=(564)
calls=1 0 
* 25 5 1 0 2 0 0 1
+1 4 0 1
cob=(4)
cfi=(175)
cfn=(564)
calls=1 0 
* 25 5 1 0 2 0 0 1
+2 2 1 0 0 1 0 0 1
+10 8 6 0 1 0 0 1

fl=(113) ./string/../sysdeps/x86_64/multiarch/strcasecmp.c
fn=(354) strcasecmp
31 1 0 0 1 0 0 1
fi=(114)
+6 2 2
-1 4
fe=(113)
-5 2 1
fi=(114)
+7 3 1 0 1 0 0 1
+3 2
+4 3
+3 4 0 0 1 0 0 1
fe=(113)

fl=(129) ./wcsmbs/../sysdeps/x86_64/multiarch/wmemcmp.c
fn=(402) wmemcmp
29 1
fi=(130) ./wcsmbs/../sysdeps/x86_64/multiarch/ifunc-memcmp.h
+5 5 2 0 1 0 0 1
+1 2 1
+1 2
+1 3 1
+3 2
+4 3
+3 4 0 0 1 0 0 1
fe=(129)
-18 2 1

fl=(137) ./wcsmbs/../sysdeps/x86_64/multiarch/wcpcpy.c
fn=(424) wcpncpy
31 1 0 0 1 0 0 1
fi=(97)
+9 3 2
-1 4 0 0 1 0 0 1
+2 3 1
+3 2
+4 4
fi=(257) ./wcsmbs/../sysdeps/x86_64/multiarch/wcpncpy.c
-17 1 1
fe=(137)

fl=(200) ./stdlib/./stdlib/cxa_atexit.c
fn=(1080) __cxa_atexit
67 84 0 60 1 0 0 1
-26 24 0 0 1 0 0 1
+2 96 0 12 0 0 1
+1 24 0 12
cfn=(1082) __new_exitfn
calls=12 +36 
* 440 96 73 4 3 0 4 1
+2 24
+8 12 0 12 0 0 6 0 0 6
-2 12
+3 12 0 12 1 0 0 1
+1 12 0 12
-4 24 12
+1 12 0 12
+4 48 12 12
+1 12
+11 72 72

fn=(1082)
80 12 0 0 1 0 0 1
+6 24 12 0 0 1 0 0 1
-6 48 0 36
+11 24 12 0 0 1
-10 12
+10 48
+2 24 12 0 0 1
+1 55 11
-1 24 0 0 1 0 0 1
-2 1 1
+10 1 0 1
-10 3
+13 22
+25 11
+1 22 0 11
-1 22
+7 11 0 11
+5 33 22
-4 11 0 11
+4 22 22
-5 1 0 1 1 0 0 1
+5 3 2
-4 1 0 1
+4 2 2
-18 1 0 1 1 0 0 1
-1 1
+12 1

fl=(220)
fn=(1380) _IO_do_write@@GLIBC_2.2.5
424 4 0 0 1 0 0 1
+2 12
+1 1 1
-3 9 0 6
fi=(224)
1025 3
fe=(220)
424 24 0 12 1 0 0 1
+20 3 3
-10 6 3
+7 12 6
fi=(224)
1025 6 0 0 1 0 0 1
+1 6 0 0 1 0 0 1
fe=(220)
449 12 3 3 0 2 0 0 1
cfn=(1436) _IO_file_write@@GLIBC_2.2.5
calls=3 1174 
* 138 33 18 5 0 0 5
* 3
+1 9 3
+2 3 3
+4 6 3
-3 6 0 3
-1 6 0 6 1 0 0 1
+4 6
-30 6
+28 3 0 3
-28 6
+1 24 21
+28 6 3 0 1 0 0 1

fn=(1436)
1174 24 0 15 1 0 0 1
+2 12 0 0 1 0 0 1
-1 6
+6 3 0 3
cfi=(226)
cfn=(1438)
calls=3 25 
* 24 6 0 2 0 0 2
+1 6
+5 3
+1 3
-12 6
+4 9 3
+1 6 3
+10 9 3
+3 18 18
-4 9 0 0 1 0 0 1

fn=(1366)
732 96 0 48 1 0 0 1
+1 48 12
+7 58 12 0 1 0 0 1
+37 11 11
-2 22
+3 16 8
+3 24 0 16
+1 24 8
+1 32
+4 8
+1 48 40
-45 2 0 0 1 0 0 1
+12 2
+9 3 1
+5 3 1 2
+2 2 0 0 1 0 0 1
-5 1 0 1
+5 1 0 1
+1 1 1
-5 1 0 1
+1 1 0 1
+4 2
-7 1
+10 2
+13 4
-12 4
+1 4
+11 16 16
-12 4
cfn=(1380)
calls=4 424 
* 320 82 51 11 2 0 11 1
-4 2 0 0 1 0 0 1
+1 2 0 1
-28 2 0 1 1 0 0 1
cfi=(221)
cfn=(1368)
calls=1 343 
* 310 70 40 12 4 1 12 0 1
+1 1 1
+9 1 1
-9 5 0 2 1 0 0 1

fn=(1796)
793 77 0 33 2 0 0 2
+5 44 22 0 0 1 0 0 1
+2 11 11
+1 22 11 0 1 0 0 1
+11 22 0 11 1 0 0 1
+4 55 44

fn=(1364)
1198 105 0 75 1 0 2 1 0 2
+7 15
-7 30 0 15
+6 60
+9 30 15
-2 60 15
+17 3 1
+1 11
+5 11
+2 22 0 11 0 0 2 0 0 2
+2 11
-4 11
+2 11
+2 11
-1 11
-1 11 0 11 0 0 2 0 0 2
cob=(4)
cfi=(175)
cfn=(1428) 0x0000000004b2d430
calls=11 0 
* 217 42 20 5 3 3 5 1 2
-2 3
+2 6 0 3
+2 3
-4 3
+2 3
+2 3
-1 3
-1 3 0 3
cob=(4)
cfi=(175)
cfn=(1428)
calls=3 0 
* 58 11 5 0 0 2 0 0 1
+2 14 14
-2 14 0 14
+4 28
+28 135 105 0 1 0 0 1
-55 14 14 0 0 2 0 0 1
+4 14
-4 14
+1 28
-14 1 0 0 1 0 0 1
+44 1 1
fi=(224)
1025 3
+1 2 0 0 1 0 0 1
fe=(220)
1244 3 3
fi=(224)
1025 9
+1 6
fe=(220)
1244 12 4 4
cfn=(1366)
calls=4 732 
* 772 184 117 29 6 1 29 1 1
* 8
+6 8 8
+1 20
+2 12
+11 8
+1 4 0 1 1 0 0 1
cfi=(221)
cfn=(1382)
calls=1 371 
* 497 130 63 5 0 0 5
+2 3
-48 162 54
-2 141
446 6
1221 3 0 0 1 0 0 1
+11 9
444 6 0 0 1 0 0 1

fn=(1900)
382 6 0 2 1 0 0 1
+1 1 0 1
cfi=(221)
cfn=(1902)
calls=1 +69 
* 69 18 17 3 0 0 3
* 2
+3 1 1
+4 2 0 0 1 0 0 1
-2 3 0 3
+3 3 3

fn=(1372)
1147 1 0 0 1 0 0 1
+1 2 1
cfi=(223)
cfn=(1374)
calls=1 30 
* 6 1 0 1 0 0 1

fl=(244) ./nptl/./nptl/pthread_mutex_unlock.c
fn=(1696) pthread_mutex_unlock@@GLIBC_2.2.5
367 1 0 0 1 0 0 1
51 3 1
+1 2
367 3 0 1
57 2
+8 1 0 1
-3 1 0 1
-23 1 1
+1 4 1 0 1 0 0 1
+1 1 0 1
+29 1
+2 1
369 2 2
74 2 0 0 1 0 0 1
+6 4 1
+4 3 2
+3 2 0 1 1 0 0 1

fl=(188) ./nptl/./nptl/pthread_once.c
fn=(694) pthread_once@@GLIBC_2.34
136 14 0 0 1 0 0 1
+3 14 14 0 0 1 0 0 1
+1 28
+4 26 13
-1 1
cfn=(696) __pthread_once_slow
calls=1 -75 
* 1885 604 297 19 24 3 19 8

fn=(696)
68 11 1 5 1 0 0 1
+8 1 1
+4 2
+52 10 7
-44 2 1 0 1 1 0 1 1
+4 2 0 1
+9 2
+13 13 0 7 2 0 0 2
cfi=(189) ./nptl/./nptl/cleanup_compat.c
cfn=(698) _pthread_cleanup_push@@GLIBC_2.34
calls=1 -89 
* 7 2 4 1 1 0 1
+2 1 0 1
cob=(7)
cfi=(185)
cfn=(700) 0x00000000000d0450
calls=1 0 
* 1816 590 276 12 22 3 12 7
+2 3 0 1
cfi=(189)
cfn=(716) _pthread_cleanup_pop@@GLIBC_2.34
calls=1 -78 
* 6 2 1 1 0 0 1
fi=(191) ./nptl/../sysdeps/nptl/futex-internal.h
+91 3 0 0 1 0 0 1
fe=(188)
-85 1 0 1
fi=(191)
+85 5
fe=(188)

fl=(91) ./wcsmbs/../sysdeps/x86_64/multiarch/wcslen.c
fn=(300) wcslen
29 1 0 0 1 0 0 1
fi=(88)
+12 2 2
-1 4
+2 3 1 0 1 0 0 1
+3 2
+4 3
+3 3 0 0 1 0 0 1
fe=(91)
-23 1 1

fl=(216) ./setjmp/./setjmp/sigjmp.c
fn=(1330) __sigjmp_save
28 6 0 2
+2 2
-1 1 0 1
+5 4 3

fl=(189)
fn=(716)
40 1 0 0 1 0 0 1
+3 2 1 1
+4 2
+2 1 1

fn=(698)
25 1 0 0 1 0 0 1
+3 1 0 1
+1 1 0 1
+1 2 1 1 0 1
+2 1 0 1
+1 1 1

fl=(194) ./wcsmbs/./wcsmbs/btowc.c
fn=(802) btowc
32 512 0 256 1 0 0 1
+5 256
-5 2048 256 1024
+5 1536 0 0 1 0 0 1
+5 512
+4 384 384 0 0 1
fi=(258) ./wcsmbs/./wcsmbsload.h
+23 128 128 0 0 1
+1 384 128 0 0 1
fe=(194)
-23 128 128 0 0 1
+1 128 128 0 0 1
-1 128 128 0 1 1 0 1
+1 128
+4 512 128
+3 256 0 128
cfi=(195)
cfn=(804)
calls=128 -19 
* 640 384 0 2 0 0 2
* 512 384
+39 128
-39 256
+39 512 512
-39 128
cfi=(196)
cfn=(806)
calls=128 -6 
* 768 128 0 1 0 0 1
+39 1152 896 0 1 0 0 1

fl=(131) ./debug/../sysdeps/x86_64/multiarch/memmove_chk.c
fn=(406) __memmove_chk
29 1
fi=(93)
+28 3 2 0 1 0 0 1
-1 2
+4 3 1
+14 2
+3 2
+8 2
+8 2 0 0 1 0 0 1
+3 5 1 0 1 0 0 1
fe=(131)

fl=(119) ./string/../sysdeps/x86_64/multiarch/strncase_l.c
fn=(366) strncasecmp_l
31 1 0 0 1 0 0 1
fi=(114)
+6 2 2 0 1 0 0 1
-1 4
fe=(119)
-5 2 1
fi=(114)
+7 3 1 0 1 0 0 1
+3 2
+4 3
+3 4
fe=(119)

fl=(112) ./string/../sysdeps/x86_64/multiarch/strncmp.c
fn=(352) strncmp
67 1 0 0 1 0 0 1
-23 2 2 0 1 0 0 1
-1 4
+24 2 1
-22 3 1 0 1 0 0 1
+3 2
+4 3
+3 4

fl=(215)
fn=(1328)
31 1 0 0 1 0 0 1
+2 1 0 1
+9 1
+1 2 1
+1 1 0 1
+4 1 0 1
+1 1 0 1
+1 1 0 1
+1 1 0 1
+1 1
+2 2 1 0 1 0 0 1
+2 1 0 1
+1 1 1
+1 1
+2 2 1
+2 1 0 1
+5 1 1 0 0 1
+1 1
+17 1 0 0 1 0 0 1
cfi=(216)
cfn=(1330)
calls=1 -57 
* 13 3 3

fl=(212) ./csu/../csu/libc-start.c
fn=(1308) __libc_start_main@@GLIBC_2.34
242 13 0 7 1 0 0 1
+69 3
+1 3 0 1
cfi=(200)
cfn=(1080)
calls=1 67 
* 76 16 18 0 0 1 0 0 1
+25 6 2 1 1 0 0 1
+6 2 2
-3 2
+10 2 1 1
cob=(4)
cfi=(175)
cfn=(1320) 0x0000000004b2d7b0
calls=1 0 
* 7 3 0 2 2 0 2
+2 2
+8 4 1 1
cfi=(213)
cfn=(1324)
calls=1 29 
* 35650663905 11935679329 7656941674 495 40700900 126490 483 90212 126387
128 2 2 0 1 1 0 1
+6 3 1 0 0 1
+1 6 2 2 0 1
cob=(4)
cfi=(175)
cfn=(1310) 0x0000000000109000
calls=1 0 
* 7 2 0 1 0 0 1
* 1 1
+3 1 1 0 0 1
+1 2 0 0 1 0 0 1
+3 2 2 0 0 1
+1 2 2
-1 1
+2 7 0 1
+1 4 1 2 1 1 0 1
cob=(8)
cfi=(211) ???
cfn=(1314) 0x0000000000001300
calls=1 0 
* 12 1 0 2 0 0 2
-1 4 1

fl=(121) ./string/../sysdeps/x86_64/multiarch/memcmp.c
fn=(374) bcmp
29 2 0 0 2 0 0 1
fi=(122) ./string/../sysdeps/x86_64/multiarch/ifunc-memcmp.h
+5 10 4 0 2 0 0 1
+1 4 2 0 0 1
+1 4
+1 6 2
+3 4
+4 6
+3 8 0 0 2 0 0 1
fe=(121)
-18 4 2

fl=(81) ./string/../sysdeps/x86/cacheinfo.c
fn=(280) __x86_cacheinfo
86 1 0 0 1 0 0 1
fi=(82) ./string/../sysdeps/x86/cacheinfo.h
-27 1 1
+3 3 1 0 1 1 0 1
+2 1
+1 1 0 1 0 0 1 0 0 1
-1 2 0 1
+7 3 1
+2 1
+1 1 0 1
-1 2 0 1 1 0 0 1
+5 2 1 1 0 0 1 0 0 1
+2 2 1 1
+1 2 1 1
+1 2 1 1
+2 2 1 0 1 1 0 1
+2 2 1
fe=(81)

ob=(3) /usr/lib/x86_64-linux-gnu/libm.so.6
fl=(150) ./math/../sysdeps/x86_64/fpu/multiarch/e_powf.c
fn=(468) powf@@GLIBC_2.27
30 1 0 0 1 0 0 1
fi=(142) ./math/../sysdeps/x86_64/fpu/multiarch/ifunc-fma.h
-1 4 2
+1 4 2
fe=(150)

fl=(161) ./math/../sysdeps/x86_64/fpu/multiarch/e_atan2.c
fn=(510) __atan2_finite@GLIBC_2.15
26 1 0 0 1 0 0 1
fi=(144) ./math/../sysdeps/x86_64/fpu/multiarch/ifunc-avx-fma4.h
+6 5 2
+1 2 1 0 1 0 0 1
fe=(161)
-7 1 1

fl=(156) ./math/../sysdeps/x86_64/fpu/multiarch/e_asin.c
fn=(498) __asin_finite@GLIBC_2.15
27 1 0 0 1 0 0 1
fi=(152) ./math/../sysdeps/x86_64/fpu/multiarch/ifunc-fma4.h
+4 4 2
+1 2 1
fe=(156)
-5 1 1

fn=(488) __acos_finite@GLIBC_2.15
35 1 0 0 1 0 0 1
fi=(152)
-4 4 2
+1 2 1 0 1 0 0 1
+3 1 1
fe=(156)

fl=(159) ./math/../sysdeps/x86_64/fpu/multiarch/s_expm1.c
fn=(502) expm1
26 1 0 0 1 0 0 1
fi=(142)
+3 4 2
+1 3 1 0 1 0 0 1
fe=(159)
-4 1 1

fl=(146) ./math/../sysdeps/x86_64/fpu/multiarch/s_sin.c
fn=(452) cos
34 1 0 0 1 0 0 1
fi=(144)
-2 5 2 0 1 0 0 1
+1 2 1
fe=(146)
+1 1 1

fn=(514) sin
27 1 0 0 1 0 0 1
fi=(144)
+5 5 2
+1 2 1
fe=(146)
-6 1 1

fl=(154) ./math/../sysdeps/x86_64/fpu/multiarch/s_log1p.c
fn=(480) __log1p
26 1 0 0 1 0 0 1
fi=(142)
+3 4 2
+1 3 1
fe=(154)
-4 1 1

fl=(145) ./math/../sysdeps/x86_64/fpu/multiarch/e_expf.c
fn=(448) expf@@GLIBC_2.27
27 1 0 0 1 0 0 1
fi=(142)
+2 4 2 0 1 0 0 1
+1 3 1
fe=(145)
-3 1 1

fl=(183) ???
fn=(612) 0x00000000000104e0
0 12 1 0 3 0 0 3

fn=(1872) 0x00000000000104a0
0 9 3 2 2 2 0 2 2
cob=(4)
cfi=(175)
cfn=(1878) 0x0000000004d28220
calls=1 0 
0 134 31 13 1 0 0 1
0 1 0 1
cfn=(1882) 0x0000000000010430
calls=1 0 
0 5 1 0 2 0 0 2
0 3 2 1

fn=(1882)
0 5 1 0 2 0 0 2

fl=(143) ./math/../sysdeps/x86_64/fpu/multiarch/e_exp.c
fn=(444) __exp_finite@GLIBC_2.15
27 1 0 0 1 0 0 1
fi=(144)
+5 5 2
+1 2 1
fe=(143)
-6 1 1 0 1 0 0 1

fl=(160) ./math/../sysdeps/x86_64/fpu/multiarch/e_exp2f.c
fn=(506) exp2f@@GLIBC_2.27
27 1 0 0 1 0 0 1
fi=(142)
+2 4 2
+1 3 1
fe=(160)
-3 1 1

fl=(162) ./math/../sysdeps/x86_64/fpu/multiarch/s_sincos.c
fn=(518) sincos
26 1 0 0 1 0 0 1
fi=(152)
+5 4 2 0 1 0 0 1
+1 2 1
fe=(162)
-6 1 1

fl=(155) ./math/../sysdeps/x86_64/fpu/multiarch/e_log.c
fn=(484) __log_finite@GLIBC_2.15
27 1 0 0 1 0 0 1
fi=(144)
+5 5 2
+1 2 1
fe=(155)
-6 1 1 0 1 0 0 1

fl=(153) ./math/../sysdeps/x86_64/fpu/multiarch/e_log2f.c
fn=(476) log2f@@GLIBC_2.27
27 1 0 0 1 0 0 1
fi=(142)
+2 4 2
+1 3 1 0 1 0 0 1
fe=(153)
-3 1 1

fl=(158) ./math/../sysdeps/x86_64/fpu/multiarch/s_fma.c
fn=(496) fma
49 6 3 0 2 0 0 2

fl=(149) ./math/../sysdeps/x86_64/fpu/multiarch/s_sincosf.c
fn=(464) sincosf
26 1 0 0 1 0 0 1
fi=(142)
+3 4 2 0 1 0 0 1
+1 3 1
fe=(149)
-4 1 1

fl=(148) ./math/../sysdeps/x86_64/fpu/multiarch/e_log2.c
fn=(460) log2@@GLIBC_2.29
27 1 0 0 1 0 0 1
fi=(142)
+2 4 2
+1 3 1
fe=(148)
-3 1 1

fl=(151) ./math/../sysdeps/x86_64/fpu/multiarch/e_pow.c
fn=(472) __pow_finite@GLIBC_2.15
27 1 0 0 1 0 0 1
fi=(152)
+4 4 2 0 1 0 0 1
+1 2 1
fe=(151)
-5 1 1

fl=(147) ./math/../sysdeps/x86_64/fpu/multiarch/e_logf.c
fn=(456) logf@@GLIBC_2.27
27 1 0 0 1 0 0 1
fi=(142)
+2 4 2
+1 3 1
fe=(147)
-3 1 1

fl=(141) ./math/../sysdeps/x86_64/fpu/multiarch/s_cosf.c
fn=(440) cosf
26 1 0 0 1 0 0 1
fi=(142)
+3 4 2
+1 3 1
fe=(141)
-4 1 1

fl=(157) ./math/../sysdeps/x86_64/fpu/multiarch/s_sinf.c
fn=(492) sinf
26 1 0 0 1 0 0 1
fi=(142)
+3 4 2
+1 3 1
fe=(157)
-4 1 1

ob=(4)
fl=(175)
fn=(588) 0x000000000483d000
0 7 2 0 1 0 0 1

fn=(608) 0x0000000004d28000
0 7 2 0 1 1 0 1

fn=(768) 0x00000000048fa630
0 2 1 0 1 1 0 1
cob=(7)
cfi=(185)
cfn=(772) std::__cxx11::messages<char>::messages(unsigned long)
calls=1 0 
0 51 15 12 2 1 0 2
cob=(1)
cfi=(186) ./elf/../sysdeps/x86_64/dl-trampoline.h
cfn=(642) _dl_runtime_resolve_xsave
calls=1 71 
0 745 253 127 0 6
0 5 2 2 1 0 0 1

fn=(786) 0x00000000048fd000
0 4 2 0 1 0 0 1
cob=(2)
cfi=(192)
cfn=(790)
calls=2 30 
0 44 18 8 3 1 0 3
cob=(1)
cfi=(186)
cfn=(642)
calls=1 71 
0 771 279 132 0 13 0 0 6
0 5 2 2 1 0 0 1

fn=(792) 0x00000000048fc040
0 256 128 0 1 1 0 1
cob=(2)
cfi=(193)
cfn=(796)
calls=128 30 
0 3200 1024 640 2 0 0 2
cob=(1)
cfi=(186)
cfn=(642)
calls=1 71 
0 859 293 139 1 14 0 0 4
0 5 2 2 1 0 0 1

fn=(864) 0x00000000048faca0
0 2 1 0 1 0 0 1
cob=(7)
cfi=(185)
cfn=(868) std::__cxx11::messages<wchar_t>::messages(unsigned long)
calls=1 0 
0 51 15 12 1 0 1 1 0 1
cob=(1)
cfi=(186)
cfn=(642)
calls=1 71 
0 745 253 127 0 6 0 0 1
0 5 2 2 1 0 0 1

fn=(938) 0x00000000048fc0a0
0 2 1 0 1 1 0 1
cob=(7)
cfi=(185)
cfn=(942) std::numpunct<wchar_t>::_M_initialize_numpunct(__locale_struct*)
calls=1 0 
0 353 75 75 5 0 0 5
cob=(1)
cfi=(186)
cfn=(642)
calls=1 71 
0 938 284 127 0 5
0 5 2 2 1 0 0 1

fn=(1428)
0 28 14 0 1 3 0 1 1
cob=(2)
cfi=(225)
cfn=(1430)
calls=14 242 
0 247 39 25 4 0 5 4 0 3

fn=(1590) 0x00000000001091a0
0 4016 2008
cob=(7)
cfi=(185)
cfn=(1592) operator delete(void*, unsigned long)
calls=2008 0 
0 490182 147487 74486 29 2115 17 28 466 2

fn=(1812) 0x00000000048fc140
0 4 2 0 1 1 0 1 1
cob=(1)
cfi=(250) ./elf/../sysdeps/x86_64/tls_get_addr.S
cfn=(1816) __tls_get_addr
calls=2 29 
0 24 14 0 2 3 0 2 3
cob=(1)
cfi=(186)
cfn=(642)
calls=1 71 
0 911 317 136 4 24 1 4 24 1
0 5 2 2 1 0 0 1

fn=(684) 0x00000000048fd3c0
0 28 14 0 1 0 0 1
cob=(7)
cfi=(185)
cfn=(688) std::locale::facet::_S_get_c_locale()
calls=14 0 
0 3212 1026 486 23 42 3 23 16
cob=(1)
cfi=(186)
cfn=(642)
calls=1 71 
0 826 264 127 0 5 1 0 2
0 5 2 2 1 0 0 1

fn=(690) 0x00000000048fb790
0 28 14 0 1 1 0 1
cob=(2)
cfi=(188)
cfn=(694)
calls=14 136 
0 1968 631 297 20 25 3 20 9
cob=(1)
cfi=(186)
cfn=(642)
calls=1 71 
0 1001 323 145 0 16 0 0 7
0 5 2 2 1 0 0 1

fn=(710) 0x00000000048fc490
0 2 1 0 1 1 0 1
cob=(2)
cfi=(190)
cfn=(714)
calls=1 43 
0 40 12 9 6 0 0 6
cob=(1)
cfi=(186)
cfn=(642)
calls=1 71 
0 771 279 132 0 12 1 0 5
0 5 2 2 1 0 0 1

fn=(1818) 0x00000000048fd980
0 6 3 0 1 1 0 1 1
cob=(7)
cfi=(185)
cfn=(1822) std::basic_ostream<wchar_t, std::char_traits<wchar_t> >::flush()
calls=3 0 
0 1593 546 244 8 21 0 8 21
cob=(1)
cfi=(186)
cfn=(642)
calls=1 71 
0 873 274 127 0 7 0 0 7
0 5 2 2 1 0 0 1

fn=(1819) 0x00000000048fd980'2
0 2 1
cob=(7)
cfi=(185)
cfn=(1823) std::basic_ostream<wchar_t, std::char_traits<wchar_t> >::flush()'2
calls=1 0 
0 136 54 24

fn=(1860) 0x0000000004adb3c0
0 2 1 0 1 0 0 1
cob=(2)
cfi=(246)
cfn=(1708)
calls=1 30 
0 132 30 13

fn=(1888) 0x0000000004da63a8
0 4 1 0 1 0 0 1

fn=(636) 0x00000000048fd040
0 2 1 0 1 0 0 1
cob=(7)
cfi=(185)
cfn=(648) std::ios_base::Init::Init()
calls=1 0 
0 83471 24956 11841 399 501 152 396 113 120
cob=(1)
cfi=(186)
cfn=(642)
calls=1 71 
0 718 247 127 12 12 7 12
0 5 2 2 1 1 0 1

fn=(720) 0x00000000048fc0e0
0 64 32 0 1 1 0 1
cob=(7)
cfi=(185)
cfn=(724) std::locale::_Impl::_M_install_facet(std::locale::id const*, std::locale::facet const*)
calls=32 0 
0 13455 3993 513 10 13 0 10 8
cob=(1)
cfi=(186)
cfn=(642)
calls=1 71 
0 942 284 127 0 7 0 0 3
0 5 2 2 1 0 0 1

fn=(732) 0x00000000048fb9e0
0 2 1 0 1 1 0 1
cob=(7)
cfi=(185)
cfn=(736) std::codecvt<char, char, __mbstate_t>::codecvt(unsigned long)
calls=1 0 
0 44 13 10 2 1 1 2 0 1
cob=(1)
cfi=(186)
cfn=(642)
calls=1 71 
0 782 258 127 0 6 0 0 1
0 5 2 2 1 0 0 1

fn=(738) 0x00000000048fd700
0 2 1 0 1 1 0 1
cob=(7)
cfi=(185)
cfn=(742) std::__cxx11::numpunct<char>::_M_initialize_numpunct(__locale_struct*)
calls=1 0 
0 417 138 76 5 5 0 5 3
cob=(1)
cfi=(186)
cfn=(642)
calls=1 71 
0 1002 294 127 0 9 0 0 2
0 5 2 2 1 0 0 1

fn=(820)
0 138 69 0 2 1 0 1
cob=(2)
cfi=(198)
cfn=(822)
calls=69 52 
0 966 138 0 1 6 0 1 6

fn=(872) 0x00000000048fb750
0 2 1 0 1 0 0 1
cob=(7)
cfi=(185)
cfn=(876) std::numpunct<char>::_M_initialize_numpunct(__locale_struct*)
calls=1 0 
0 417 138 76 5 0 0 5
cob=(1)
cfi=(186)
cfn=(642)
calls=1 71 
0 930 283 127 0 9 0 0 1
0 5 2 2 1 0 0 1

fn=(926) 0x00000000048fe510
0 2 1 0 1 1 0 1
cob=(7)
cfi=(185)
cfn=(930) std::messages<char>::messages(unsigned long)
calls=1 0 
0 51 15 12 2 0 1 2 0 1
cob=(1)
cfi=(186)
cfn=(642)
calls=1 71 
0 713 247 127 0 7 0 0 1
0 5 2 2 1 0 0 1

fn=(956) 0x00000000048fc6f0
0 2 1 0 1 1 0 1
cob=(7)
cfi=(185)
cfn=(960) std::moneypunct<wchar_t, false>::_M_initialize_moneypunct(__locale_struct*, char const*)
calls=1 0 
0 109 30 31 5 0 0 5
cob=(1)
cfi=(186)
cfn=(642)
calls=1 71 
0 1034 299 127 0 9 0 0 2
0 5 2 2 1 0 0 1

fn=(1108) 0x00000000048fb560
0 2 1 0 1 0 0 1
cob=(7)
cfi=(185)
cfn=(1112) std::future_category()
calls=1 0 
0 3 1 0 1 0 0 1
cob=(1)
cfi=(186)
cfn=(642)
calls=1 71 
0 740 247 127 0 6
0 5 2 2 1

fn=(1654) 0x0000000000109210
0 4 2 0 1 2 0 1 1
cob=(7)
cfi=(185)
cfn=(1656) std::ostream::operator<<(long)
calls=2 0 
0 980 232 140 1 24 4 1 22 4

fn=(1742) 0x000000000483d294
0 4 1 0 1 0 0 1

fn=(1706) 0x0000000000109120
0 2 1
cob=(2)
cfi=(246)
cfn=(1708)
calls=1 30 
0 132 30 13 8 7 1 8 7 1

fn=(1310)
0 7 2 0 1 0 0 1

fn=(744) 0x00000000048fbe30
0 2 1 0 1 1 0 1
cob=(7)
cfi=(185)
cfn=(748) std::__cxx11::moneypunct<char, false>::_M_initialize_moneypunct(__locale_struct*, char const*)
calls=1 0 
0 114 38 31 6 2 0 6 1
cob=(1)
cfi=(186)
cfn=(642)
calls=1 71 
0 1066 305 127 0 8 0 0 2
0 5 2 2 1 0 0 1

fn=(780) 0x00000000048fba90
0 2 1 0 1 1 0 1
cob=(7)
cfi=(185)
cfn=(784) std::ctype<wchar_t>::_M_initialize_ctype()
calls=1 0 
0 25328 7221 3726 43 70 20 42 22 20
cob=(1)
cfi=(186)
cfn=(642)
calls=1 71 
0 794 260 127 0 7 0 0 2
0 5 2 2 1 0 0 1

fn=(1026) 0x00000000048fb300
0 16 8 0 1 1 0 1
cob=(7)
cfi=(185)
cfn=(1030) std::ios_base::ios_base()
calls=8 0 
0 736 104 248 3 0 32 3 0 22
cob=(1)
cfi=(186)
cfn=(642)
calls=1 71 
0 678 241 127 0 6 0 0 1
0 5 2 2 1 0 0 1

fn=(1092) 0x00000000048fc0c0
0 4 2
cob=(7)
cfi=(185)
cfn=(1096) std::error_category::error_category()
calls=2 0 
0 10 4 2 1 0 0 1
cob=(1)
cfi=(186)
cfn=(642)
calls=1 71 
0 744 248 127 1 10 0 0 2
0 5 2 2

fn=(1334) 0x0000000000109180
0 18 9 0 1 3 0 1 1
cob=(7)
cfi=(185)
cfn=(1336) std::basic_ostream<char, std::char_traits<char> >& std::operator<< <std::char_traits<char> >(std::basic_ostream<char, std::char_traits<char> >&, char const*)
calls=9 0 
0 7250 2175 1138 73 91 15 69 42 10

fn=(1390) 0x00000000048fb4c0
0 12 6 0 1 3 0 1 2
cob=(7)
cfi=(185)
cfn=(1394) std::ostream& std::ostream::_M_insert<long>(long)
calls=6 0 
0 6246 1617 845 48 56 12 44 27 4
cob=(1)
cfi=(186)
cfn=(642)
calls=1 71 
0 713 248 127 0 8 0 0 1
0 5 2 2 1 0 0 1

fn=(1402) 0x00000000048fd620
0 2 1 0 1 1 0 1
cob=(2)
cfi=(199)
cfn=(826)
calls=1 73 
0 47 17 0 4 0 0 3
cob=(1)
cfi=(186)
cfn=(642)
calls=1 71 
0 758 278 134 3 11 4 0 5
0 5 2 2 1 0 0 1

fn=(1782) 0x00000000048fc8a0
0 6 3 0 1 1 0 1 1
cob=(7)
cfi=(185)
cfn=(1786) std::ostream::flush()
calls=3 0 
0 3744 1352 645 27 97 3 27 86 3
cob=(1)
cfi=(186)
cfn=(642)
calls=1 71 
0 681 241 127 1 9 0 1 9
0 5 2 2 1 0 0 1

fn=(1783) 0x00000000048fc8a0'2
0 2 1
cob=(7)
cfi=(185)
cfn=(1787) std::ostream::flush()'2
calls=1 0 
0 136 54 24

fn=(774) 0x00000000048fab70
0 2 1 0 1 1 0 1
cob=(7)
cfi=(185)
cfn=(778) std::ctype<wchar_t>::ctype(unsigned long)
calls=1 0 
0 26175 7496 3866 47 78 21 46 24 21
cob=(1)
cfi=(186)
cfn=(642)
calls=1 71 
0 686 242 127 0 6 0 0 1
0 5 2 2 1 0 0 1

fn=(834) 0x00000000048fac60
0 2 1 0 1 1 0 1
cob=(7)
cfi=(185)
cfn=(838) std::__cxx11::numpunct<wchar_t>::_M_initialize_numpunct(__locale_struct*)
calls=1 0 
0 353 75 75 5 1 3 5 1 3
cob=(1)
cfi=(186)
cfn=(642)
calls=1 71 
0 978 291 127 0 5 0 0 2
0 5 2 2 1 0 0 1

fn=(992) 0x00000000048fcc70
0 2 1 0 1 1 0 1
cob=(7)
cfi=(185)
cfn=(996) std::messages<wchar_t>::messages(unsigned long)
calls=1 0 
0 51 15 12 2 0 0 2
cob=(1)
cfi=(186)
cfn=(642)
calls=1 71 
0 713 247 127 0 6 0 0 1
0 5 2 2 1 0 0 1

fn=(1062) 0x00000000048fcb50
0 8 4 0 1 1 0 1
cob=(7)
cfi=(185)
cfn=(1066) std::basic_ios<wchar_t, std::char_traits<wchar_t> >::init(std::basic_streambuf<wchar_t, std::char_traits<wchar_t> >*)
calls=4 0 
0 1722 558 297 6 8 0 6 2
cob=(1)
cfi=(186)
cfn=(642)
calls=1 71 
0 985 293 127 0 8 0 0 4
0 5 2 2 1 0 0 1

fn=(1350) 0x00000000048fe360
0 36 18 0 1 4 0 1 2
cob=(7)
cfi=(185)
cfn=(1354) std::ostream::sentry::sentry(std::ostream&)
calls=18 0 
0 543 202 133 3 8 2 3 4 2
cob=(1)
cfi=(186)
cfn=(642)
calls=1 71 
0 709 246 127 0 6 3 0 2
0 5 2 2 1 0 0 1

fn=(1351) 0x00000000048fe360'2
0 2 1
cob=(7)
cfi=(185)
cfn=(1355) std::ostream::sentry::sentry(std::ostream&)'2
calls=1 0 
0 22 8 6

fn=(1594) 0x00000000048fb430
0 4016 2008 0 1 5 0 0 1
cob=(7)
cfi=(185)
cfn=(1598) operator delete(void*)
calls=2008 0 
0 481539 145248 74357 26 2072 3 26 464 2
cob=(1)
cfi=(186)
cfn=(642)
calls=1 71 
0 606 229 127 0 37 14 0 1
0 5 2 2 1 1 0 1

fn=(1722) 0x000000000010b424
0 4 1 0 1 0 0 1

fn=(1750) 0x00000000048fa2b0
0 2 1 0 1 0 0 1
cob=(2)
cfi=(246)
cfn=(1708)
calls=1 30 
0 8125 2817 1354 55 176 22 55 165 22

fn=(650) 0x00000000048fb8d0
0 44 22 0 1 1 0 1
cob=(7)
cfi=(185)
cfn=(654) std::locale::locale()
calls=22 0 
0 73936 22021 10063 333 420 104 332 94 96
cob=(1)
cfi=(186)
cfn=(642)
calls=1 71 
0 674 240 127 0 7 1 0 2
0 5 2 2 1 0 0 1

fn=(1772) 0x00000000048fc320
0 4 2 0 1 1 0 1 1
cob=(7)
cfi=(185)
cfn=(1776) std::error_category::~error_category()
calls=2 0 
0 4 2
cob=(1)
cfi=(186)
cfn=(642)
calls=1 71 
0 760 250 127 1 29 18 1 29 18
0 5 2 2 1 1 0 1 1

fn=(618) 0x0000000004adb000
0 7 2 0 1 1 0 1

fn=(858) 0x00000000048fc300
0 2 1 0 1 1 0 1
cob=(7)
cfi=(185)
cfn=(862) std::__timepunct<wchar_t>::_M_initialize_timepunct(__locale_struct*)
calls=1 0 
0 154 34 32 13 2 0 13
cob=(1)
cfi=(186)
cfn=(642)
calls=1 71 
0 986 291 127 0 7 0 0 3
0 5 2 2 1 0 0 1

fn=(902) 0x00000000048fe050
0 2 1 0 1 1 0 1
cob=(7)
cfi=(185)
cfn=(906) std::moneypunct<char, true>::_M_initialize_moneypunct(__locale_struct*, char const*)
calls=1 0 
0 115 38 31 6 0 0 6
cob=(1)
cfi=(186)
cfn=(642)
calls=1 71 
0 1018 297 127 0 9 0 0 1
0 5 2 2 1 0 0 1

fn=(968) 0x00000000048fd280
0 2 1 0 1 0 0 1
cob=(7)
cfi=(185)
cfn=(972) std::moneypunct<wchar_t, true>::_M_initialize_moneypunct(__locale_struct*, char const*)
calls=1 0 
0 109 30 31 6 0 0 6
cob=(1)
cfi=(186)
cfn=(642)
calls=1 71 
0 1010 296 127 0 8
0 5 2 2 1 0 0 1

fn=(1118) 0x00000000048fbcb0
0 2 1 0 1 1 0 1
cob=(2)
cfi=(201)
cfn=(1122)
calls=1 28 
0 623 176 13 8 40 0 7 2
cob=(1)
cfi=(186)
cfn=(642)
calls=1 71 
0 913 300 139 4 19 0 0 4
0 5 2 2 1 0 0 1

fn=(678) 0x00000000048fa7a0
0 2 1 0 1 1 0 1
cob=(7)
cfi=(185)
cfn=(682) std::ctype<char>::ctype(unsigned short const*, bool, unsigned long)
calls=1 0 
0 3867 1211 656 30 49 13 30 18 9
cob=(1)
cfi=(186)
cfn=(642)
calls=1 71 
0 702 245 127 0 7
0 5 2 2 1 0 0 1

fn=(726) 0x00000000048fb800
0 184 92 0 1 3 0 1 2
cob=(7)
cfi=(185)
cfn=(730) std::locale::id::_M_id() const
calls=92 0 
0 984 328 96 2 10 0 2 9
cob=(1)
cfi=(186)
cfn=(642)
calls=1 71 
0 714 247 127 0 4 0 0 1
0 5 2 2 1 0 0 1

fn=(750) 0x00000000048fd530
0 2 1 0 1 0 0 1
cob=(7)
cfi=(185)
cfn=(754) std::__cxx11::moneypunct<char, true>::_M_initialize_moneypunct(__locale_struct*, char const*)
calls=1 0 
0 115 38 31 5 0 0 5
cob=(1)
cfi=(186)
cfn=(642)
calls=1 71 
0 1066 305 127 0 5
0 5 2 2 1 0 0 1

fn=(824)
0 98 49 0 1 1 0 1
cob=(2)
cfi=(199)
cfn=(826)
calls=49 73 
0 1048 225 0 3 0 0 3

fn=(840) 0x00000000048fcd70
0 2 1 0 1 1 0 1
cob=(7)
cfi=(185)
cfn=(844) std::__cxx11::moneypunct<wchar_t, false>::_M_initialize_moneypunct(__locale_struct*, char const*)
calls=1 0 
0 109 30 31 5 0 0 5
cob=(1)
cfi=(186)
cfn=(642)
calls=1 71 
0 1082 307 127 0 9 0 0 2
0 5 2 2 1 0 0 1

fn=(1038) 0x00000000048fd780
0 16 8 0 1 1 0 1
cob=(7)
cfi=(185)
cfn=(1042) std::ios_base::_M_init()
calls=8 0 
0 2202 771 434 10 18 0 10 3
cob=(1)
cfi=(186)
cfn=(642)
calls=1 71 
0 722 248 127 0 7 0 0 2
0 5 2 2 1 0 0 1

fn=(1050) 0x00000000048fcea0
0 16 8 0 1 0 0 1
cob=(7)
cfi=(185)
cfn=(1054) std::locale::~locale()
calls=8 0 
0 96 40 16 2 0 0 2
cob=(1)
cfi=(186)
cfn=(642)
calls=1 71 
0 706 244 127 0 9 0 0 1
0 5 2 2

fn=(1136) 0x00000000048fb210
0 4018 2009 0 1 1 0 1
cob=(2)
cfi=(204)
cfn=(1140)
calls=2009 3294 
0 356093 70929 37781 75 393 2112 70 13 2050
cob=(1)
cfi=(186)
cfn=(642)
calls=1 71 
0 858 294 139 4 13 0 0 1
0 5 2 2 1 0 0 1

fn=(1358) 0x00000000048fdd00
0 30 15 0 1 3 0 1 2
cob=(2)
cfi=(219)
cfn=(1362)
calls=15 31 
0 3751 916 538 53 27 14 53 10 12
cob=(1)
cfi=(186)
cfn=(642)
calls=1 71 
0 750 273 132 2 9 0 0 1
0 5 2 2 1 0 0 1

fn=(1408) 0x00000000048fcc20
0 12 6 0 1 3 0 1 2
cob=(7)
cfi=(185)
cfn=(1412) std::ostreambuf_iterator<char, std::char_traits<char> > std::num_put<char, std::ostreambuf_iterator<char, std::char_traits<char> > >::_M_insert_int<long>(std::ostreambuf_iterator<char, std::char_traits<char> >, std::ios_base&, char, long) const
calls=6 0 
0 2140 464 316 15 17 4 15 14 4
cob=(1)
cfi=(186)
cfn=(642)
calls=1 71 
0 1185 326 127 0 8 0 0 1
0 5 2 2 1 0 0 1

fn=(1572) 0x00000000001091d0
0 4000 2000
cob=(2)
cfi=(225)
cfn=(1432)
calls=2000 255 
0 813750 260000 254000 7 2 123500 7 0 123500

fn=(1870) 0x0000000004afe748
0 4 1 0 1 0 0 1

fn=(1824) 0x00000000048fc340
0 6 3 0 1 0 0 1
cob=(7)
cfi=(185)
cfn=(1828) std::basic_ostream<wchar_t, std::char_traits<wchar_t> >::sentry::sentry(std::basic_ostream<wchar_t, std::char_traits<wchar_t> >&)
calls=3 0 
0 213 82 43 2 1 0 2 1
cob=(1)
cfi=(186)
cfn=(642)
calls=1 71 
0 917 281 127 0 8 0 0 8
0 5 2 2

fn=(1825) 0x00000000048fc340'2
0 2 1
cob=(7)
cfi=(185)
cfn=(1829) std::basic_ostream<wchar_t, std::char_traits<wchar_t> >::sentry::sentry(std::basic_ostream<wchar_t, std::char_traits<wchar_t> >&)'2
calls=1 0 
0 22 8 6

fn=(762) 0x00000000048fcec0
0 2 1 0 1 1 0 1
cob=(7)
cfi=(185)
cfn=(766) std::__timepunct<char>::_M_initialize_timepunct(__locale_struct*)
calls=1 0 
0 157 35 33 13 3 0 13
cob=(1)
cfi=(186)
cfn=(642)
calls=1 71 
0 962 288 127 0 7 0 0 2
0 5 2 2 1 0 0 1

fn=(846) 0x00000000048fb060
0 2 1 0 1 1 0 1
cob=(7)
cfi=(185)
cfn=(850) std::__cxx11::moneypunct<wchar_t, true>::_M_initialize_moneypunct(__locale_struct*, char const*)
calls=1 0 
0 109 30 31 6 0 0 6
cob=(1)
cfi=(186)
cfn=(642)
calls=1 71 
0 1050 303 127 0 7 0 0 1
0 5 2 2 1 0 0 1

fn=(852) 0x00000000048fd3b0
0 2 1 0 1 0 0 1
cob=(7)
cfi=(185)
cfn=(856) std::__timepunct<wchar_t>::__timepunct(std::__timepunct_cache<wchar_t>*, unsigned long)
calls=1 0 
0 1176 335 171 17 11 1 17 3 1
cob=(1)
cfi=(186)
cfn=(642)
calls=1 71 
0 885 276 127 0 7
0 5 2 2

fn=(1126)
0 12 6 0 1 1 0 1
cob=(2)
cfi=(203)
cfn=(1128)
calls=6 206 
0 150 30 0 2 3 0 2

fn=(1338) 0x00000000048fbcf0
0 18 9 0 1 3 0 1 2
cob=(2)
cfi=(198)
cfn=(822)
calls=9 52 
0 126 18 0 0 4 0 0 3
cob=(1)
cfi=(186)
cfn=(642)
calls=1 71 
0 802 280 134 3 12 0 1 7
0 5 2 2 1 0 0 1

fn=(1344) 0x00000000048fcb20
0 18 9 0 1 3 0 1 2
cob=(7)
cfi=(185)
cfn=(1348) std::basic_ostream<char, std::char_traits<char> >& std::__ostream_insert<char, std::char_traits<char> >(std::basic_ostream<char, std::char_traits<char> >&, char const*, long)
calls=9 0 
0 5047 1516 828 65 61 15 63 25 10
cob=(1)
cfi=(186)
cfn=(642)
calls=1 71 
0 1049 303 127 0 8 0 0 3
0 5 2 2

fn=(1386) 0x00000000001091f0
0 8 4 0 1 0 0 1
cob=(7)
cfi=(185)
cfn=(1388) std::ostream::operator<<(int)
calls=4 0 
0 6044 1653 834 51 43 8 47 8

fn=(1626) 0x00000000048fac30
0 8 4 0 1 3 0 1 3
cob=(2)
cfi=(238)
cfn=(1630)
calls=4 30 
0 44 12 0 2 6 0 2 2
cob=(1)
cfi=(186)
cfn=(642)
calls=1 71 
0 821 282 132 1 62 12 1 39 10
0 5 2 2 1 1 0 1 1

fn=(1800) 0x00000000048fb970
0 4 2 0 1 1 0 1 1
cob=(7)
cfi=(185)
cfn=(1804) std::uncaught_exception()
calls=2 0 
0 1677 591 275 11 39 1 11 39 1
cob=(1)
cfi=(186)
cfn=(642)
calls=1 71 
0 722 248 127 0 7 0 0 7
0 5 2 2 1 0 0 1

fn=(704) 0x00000000048fb500
0 2 1 0 1 1 0 1
cob=(7)
cfi=(185)
cfn=(708) std::locale::facet::_S_create_c_locale(__locale_struct*&, char const*, __locale_struct*)
calls=1 0 
0 832 297 147 9 13 1 9 5
cob=(1)
cfi=(186)
cfn=(642)
calls=1 71 
0 970 289 127 0 8 2 0 2
0 5 2 2 1 0 0 1

fn=(798) 0x00000000048fdb80
0 512 256 0 1 1 0 1
cob=(2)
cfi=(194)
cfn=(802)
calls=256 32 
0 11136 3712 1408 7 6 0 7
cob=(1)
cfi=(186)
cfn=(642)
calls=1 71 
0 734 274 132 0 5 0 0 1
0 5 2 2 1 0 0 1

fn=(808) 0x00000000048fbf00
0 24 12 0 1 1 0 1
cob=(7)
cfi=(185)
cfn=(812) std::ctype<wchar_t>::_M_convert_to_wmask(unsigned short) const
calls=12 0 
0 4218 946 321 17 20 0 17 8
cob=(1)
cfi=(186)
cfn=(642)
calls=1 71 
0 814 263 127 0 8 0 0 3
0 5 2 2 1 0 0 1

fn=(814) 0x00000000048fb580
0 20 10 0 1 1 0 1
cob=(2)
cfi=(197)
cfn=(818)
calls=10 26 
0 3300 646 187 9 11 0 9 5
cob=(1)
cfi=(186)
cfn=(642)
calls=1 71 
0 747 276 132 0 8 0 0 3
0 5 2 2 1 0 0 1

fn=(890) 0x00000000048faa50
0 2 1 0 1 1 0 1
cob=(7)
cfi=(185)
cfn=(894) std::moneypunct<char, false>::_M_initialize_moneypunct(__locale_struct*, char const*)
calls=1 0 
0 114 38 31 4 0 0 4
cob=(1)
cfi=(186)
cfn=(642)
calls=1 71 
0 1002 295 127 0 9 0 0 3
0 5 2 2 1 0 0 1

fn=(1018) 0x00000000048fa780
0 2 1
cob=(7)
cfi=(185)
cfn=(1022) std::locale::locale(std::locale::_Impl*)
calls=1 0 
0 3 1 1 1 0 1 1
cob=(1)
cfi=(186)
cfn=(642)
calls=1 71 
0 734 250 127 0 6 0 0 2
0 5 2 2 1 0 0 1

fn=(1032) 0x00000000048fd6e0
0 8 4 0 1 0 0 1
cob=(7)
cfi=(185)
cfn=(1036) std::basic_ios<char, std::char_traits<char> >::init(std::basic_streambuf<char, std::char_traits<char> >*)
calls=4 0 
0 3859 1299 680 19 34 0 19 8
cob=(1)
cfi=(186)
cfn=(642)
calls=1 71 
0 1025 298 127 0 6 0 0 1
0 5 2 2 1

fn=(1044) 0x00000000048fc9c0
0 16 8 0 1 1 0 1
cob=(7)
cfi=(185)
cfn=(1048) std::locale::operator=(std::locale const&)
calls=8 0 
0 184 64 32 2 0 0 2
cob=(1)
cfi=(186)
cfn=(642)
calls=1 71 
0 694 243 127 0 7 0 0 1
0 5 2 2 1 0 0 1

fn=(1068) 0x00000000048fe270
0 8 4 0 1 1 0 1
cob=(7)
cfi=(185)
cfn=(1072) std::basic_ios<wchar_t, std::char_traits<wchar_t> >::_M_cache_locale(std::locale const&)
calls=4 0 
0 224 100 36 2 0 0 2
cob=(1)
cfi=(186)
cfn=(642)
calls=1 71 
0 985 292 127 0 7 0 0 2
0 5 2 2 1 0 0 1

fn=(1320)
0 2 1 0 1 1 0 1
cob=(1)
cfi=(48) ./elf/./elf/dl-audit.c
cfn=(1322) _dl_audit_preinit
calls=1 118 
0 5 2 0 1 1 0 1

fn=(1376)
0 2 1 0 1 1 0 1
cob=(2)
cfi=(204)
cfn=(1140)
calls=1 3294 
0 177 36 18 0 0 1 0 0 1

fn=(1878)
0 2 1 0 1 0 0 1
cob=(2)
cfi=(246)
cfn=(1708)
calls=1 30 
0 132 30 13

fn=(666) 0x00000000048fb410
0 2 1 0 1 1 0 1
cob=(7)
cfi=(185)
cfn=(670) std::locale::_Impl::_Impl(unsigned long)
calls=1 0 
0 71802 21274 9644 323 405 101 322 90 94
cob=(1)
cfi=(186)
cfn=(642)
calls=1 71 
0 702 245 127 0 6 1 0 1 1
0 5 2 2 1 0 0 1

fn=(672) 0x00000000048fb3e0
0 14 7 0 1 0 0 1
cob=(7)
cfi=(185)
cfn=(676) std::locale::facet::_S_get_c_name()
calls=7 0 
0 21 7 0 1 0 0 1
cob=(1)
cfi=(186)
cfn=(642)
calls=1 71 
0 812 259 127 0 11 3 0 2
0 5 2 2

fn=(1806) 0x00000000048fce80
0 4 2 0 0 1 0 0 1
cob=(7)
cfi=(185)
cfn=(1810) __cxa_get_globals
calls=2 0 
0 960 339 142 9 28 1 9 28 1
cob=(1)
cfi=(186)
cfn=(642)
calls=1 71 
0 690 242 127 0 9 0 0 9
0 5 2 2 1 0 0 1

fn=(630) 0x00000000048f6000
0 7 2 0 1 1 0 1

fn=(564)
0 40 20 0 2 2 0 1
cob=(1)
cfi=(11) ./elf/./elf/dl-tunables.c
cfn=(28) __tunable_get_val
calls=20 387 
0 469 80 20 1 36 0 0 16

fn=(602)
0 2 1 0 1 1 0 1
cob=(2)
cfi=(181)
cfn=(604)
calls=1 53 
0 22 2 0 2 1 0 2

fn=(756) 0x00000000048fca00
0 2 1 0 1 1 0 1
cob=(7)
cfi=(185)
cfn=(760) std::__timepunct<char>::__timepunct(std::__timepunct_cache<char>*, unsigned long)
calls=1 0 
0 1155 333 172 17 11 0 17 2
cob=(1)
cfi=(186)
cfn=(642)
calls=1 71 
0 877 275 127 0 7 0 0 1
0 5 2 2 1 0 0 1

fn=(828) 0x00000000048fb5a0
0 2 1
cob=(7)
cfi=(185)
cfn=(832) std::codecvt<wchar_t, char, __mbstate_t>::codecvt(unsigned long)
calls=1 0 
0 44 13 10 2 0 2 2 0 2
cob=(1)
cfi=(186)
cfn=(642)
calls=1 71 
0 782 258 127 0 6 0 0 2
0 5 2 2 1 0 0 1

fn=(1056) 0x00000000048fd920
0 8 4 0 1 1 0 1
cob=(7)
cfi=(185)
cfn=(1060) std::basic_ios<char, std::char_traits<char> >::_M_cache_locale(std::locale const&)
calls=4 0 
0 224 100 36 3 0 0 3
cob=(1)
cfi=(186)
cfn=(642)
calls=1 71 
0 985 292 127 0 7 0 0 3
0 5 2 2 1 0 0 1

fn=(1076) 0x00000000048fb620
0 22 11 0 1 1 0 1
cob=(2)
cfi=(200)
cfn=(1080)
calls=11 67 
0 832 176 199 7 3 6 7 1 5
cob=(1)
cfi=(186)
cfn=(642)
calls=1 71 
0 902 301 139 2 12 0 0 5
0 5 2 2 1 0 0 1

fn=(1396) 0x00000000048fbfc0
0 2 1 0 1 1 0 1
cob=(7)
cfi=(185)
cfn=(1400) std::ctype<char>::_M_widen_init() const
calls=1 0 
0 1566 358 177 20 13 8 16 5
cob=(1)
cfi=(186)
cfn=(642)
calls=1 71 
0 800 257 127 0 6 0 0 1
0 5 2 2 1 0 0 1

fn=(1464) 0x0000000000109190
0 4016 2008
cob=(7)
cfi=(185)
cfn=(1466) operator new(unsigned long)
calls=2008 0 
0 390426 78767 43488 10 363 2065 7 0 2005

fn=(1600) 0x00000000048fbc60
0 4016 2008 0 1 5 0 1 1
cob=(2)
cfi=(204)
cfn=(1604)
calls=2008 3359 
0 472684 142950 74216 24 2033 3 24 463 2
cob=(1)
cfi=(186)
cfn=(642)
calls=1 71 
0 818 288 139 0 34
0 5 2 2 1 0 0 1

fn=(1622) 0x0000000000109130
0 8 4 0 1 3 0 1 2
cob=(7)
cfi=(185)
cfn=(1624) std::chrono::_V2::system_clock::now()
calls=4 0 
0 942 328 146 7 74 12 7 46 10

fn=(1732) 0x000000000483d030
0 2 1 0 1 0 0 1
cob=(2)
cfi=(246)
cfn=(1708)
calls=1 30 
0 132 30 13

fn=(1790) 0x00000000048fe4b0
0 20 10 0 1 1 0 1 1
cob=(2)
cfi=(249)
cfn=(1794)
calls=10 32 
0 660 230 120 8 9 0 8 4
cob=(1)
cfi=(186)
cfn=(642)
calls=1 71 
0 730 274 132 0 26 2 0 26 2
0 5 2 2 1 0 0 1

fn=(1840) 0x0000000004a3dce4
0 4 1 0 1 0 0 1

ob=(5) /usr/libexec/valgrind/vgpreload_core-amd64-linux.so
fl=(178) ???
fn=(1736) 0x0000000000001060
0 5 1 0 2 0 0 2

fn=(592) 0x0000000000001110
0 12 1 0 3 0 0 3

fn=(1726) 0x00000000000010d0
0 9 3 2 1 2 0 1 2
cob=(4)
cfi=(175)
cfn=(1732)
calls=1 0 
0 134 31 13 1 0 0 1
0 1 0 1
cfn=(1736)
calls=1 0 
0 5 1 0 2 0 0 2
0 3 2 1 1 0 0 1

ob=(7)
fl=(185)
fn=(634) 0x00000000000b74f0
0 8 0 3 2 0 0 2
cob=(4)
cfi=(175)
cfn=(636)
calls=1 0 
0 84196 25206 11970 413 514 159 410 113 120
0 7 3 0 1
cob=(4)
cfi=(175)
cfn=(1076)
calls=1 0 
0 981 320 160 11 16 1 9 6

fn=(838)
0 353 75 75 5 1 3 5 1 3

fn=(850)
0 109 30 31 6 0 0 6

fn=(870) 0x00000000000ed260
0 25 4 12 3 0 2 3 0 2
cob=(4)
cfi=(175)
cfn=(872)
calls=1 0 
0 1354 424 205 7 9 0 7 1
0 8 4 3
cob=(4)
cfi=(175)
cfn=(726)
calls=1 0 
0 17 6 2
0 7 2 4 1 0 0 1
cob=(4)
cfi=(175)
cfn=(684)
calls=1 0 
0 25 8 3
0 7 3 3 1 0 0 1
cob=(4)
cfi=(175)
cfn=(726)
calls=1 0 
0 17 6 2
0 13 2 5 1 0 1 1 0 1
cob=(4)
cfi=(175)
cfn=(890)
calls=1 0 
0 1123 336 160 6 10 0 6 3
0 7 3 3
cob=(4)
cfi=(175)
cfn=(726)
calls=1 0 
0 17 6 2
0 13 3 5 1 1 0 1
cob=(4)
cfi=(175)
cfn=(902)
calls=1 0 
0 1140 338 160 8 10 0 8 1
0 7 3 3 1 0 0 1
cob=(4)
cfi=(175)
cfn=(726)
calls=1 0 
0 17 6 2
0 12 5 5 1 0 0 1
cob=(4)
cfi=(175)
cfn=(726)
calls=1 0 
0 17 6 2
0 12 4 5 1 1 0 1
cob=(4)
cfi=(175)
cfn=(726)
calls=1 0 
0 17 6 2
0 12 4 5 1 0 0 1
cob=(4)
cfi=(175)
cfn=(726)
calls=1 0 
0 17 6 2
0 6 0 2 1 0 0 1
cob=(4)
cfi=(175)
cfn=(926)
calls=1 0 
0 771 265 141 4 8 1 4 1 1
0 7 3 3
cob=(4)
cfi=(175)
cfn=(726)
calls=1 0 
0 17 6 2
0 16 5 7 2 0 1 2 0 1
cob=(4)
cfi=(175)
cfn=(938)
calls=1 0 
0 1298 362 204 7 6 0 7
0 7 3 3 0 1
cob=(4)
cfi=(175)
cfn=(726)
calls=1 0 
0 17 6 2
0 7 2 4 1 0 0 1
cob=(4)
cfi=(175)
cfn=(684)
calls=1 0 
0 25 8 3
0 7 3 3 1 1 0 1
cob=(4)
cfi=(175)
cfn=(726)
calls=1 0 
0 17 6 2
0 13 2 5 1 0 1 1 0 1
cob=(4)
cfi=(175)
cfn=(956)
calls=1 0 
0 1150 332 160 7 10 0 7 2
0 7 3 3 0 1
cob=(4)
cfi=(175)
cfn=(726)
calls=1 0 
0 17 6 2
0 13 3 5 1 1 0 1
cob=(4)
cfi=(175)
cfn=(968)
calls=1 0 
0 1126 329 160 8 8 0 8
0 7 3 3 1 0 0 1
cob=(4)
cfi=(175)
cfn=(726)
calls=1 0 
0 17 6 2
0 12 5 5 1 1 0 1
cob=(4)
cfi=(175)
cfn=(726)
calls=1 0 
0 17 6 2
0 12 4 5 1 0 1 1 0 1
cob=(4)
cfi=(175)
cfn=(726)
calls=1 0 
0 17 6 2
0 12 4 5 1 0 0 1
cob=(4)
cfi=(175)
cfn=(726)
calls=1 0 
0 17 6 2
0 6 0 2 1 0 0 1
cob=(4)
cfi=(175)
cfn=(992)
calls=1 0 
0 771 265 141 4 7 0 4 1
0 6 3 2
cob=(4)
cfi=(175)
cfn=(726)
calls=1 0 
0 17 6 2
0 4 2 2 1 0 0 1
cob=(4)
cfi=(175)
cfn=(726)
calls=1 0 
0 8 3
0 4 2 2
cob=(4)
cfi=(175)
cfn=(726)
calls=1 0 
0 8 3
0 5 3 2
cob=(4)
cfi=(175)
cfn=(726)
calls=1 0 
0 8 3
0 5 3 2 1 0 0 1
cob=(4)
cfi=(175)
cfn=(726)
calls=1 0 
0 8 3
0 4 2 2
cob=(4)
cfi=(175)
cfn=(726)
calls=1 0 
0 8 3
0 5 3 2
cob=(4)
cfi=(175)
cfn=(726)
calls=1 0 
0 8 3
0 10 8 1 1 0 0 1

fn=(1106) 0x00000000000b71c0
0 4 0 2 1 0 0 1
cob=(4)
cfi=(175)
cfn=(1108)
calls=1 0 
0 750 251 129 3 6 0 2
0 4 3 1

fn=(1112)
0 3 1 0 1 0 0 1

fn=(1198) 0x00000000000b7530
0 48 11 28 6 4 6 6 4 6

fn=(1336)
0 99 0 36 1 0 0 1
cob=(4)
cfi=(175)
cfn=(1338)
calls=9 0 
0 951 309 136 5 19 0 3 12
0 36 0 9
cob=(4)
cfi=(175)
cfn=(1344)
calls=9 0 
0 6119 1830 957 66 72 15 64 30 10
0 45 36 0 1 0 0 1

fn=(1388)
0 44 12 0 1 0 0 1
cob=(4)
cfi=(175)
cfn=(1390)
calls=4 0 
0 6000 1641 834 50 43 8 46 8

fn=(1762)
0 2 1 0 1 0 0 1

fn=(670)
0 142 1 121 3 0 16 3 0 16
cob=(4)
cfi=(175)
cfn=(672)
calls=1 0 
0 822 263 129 2 11 3 2 2
0 7 1 2 0 1 0 0 1
cob=(4)
cfi=(175)
cfn=(678)
calls=1 0 
0 4576 1459 785 32 57 13 32 18 9
0 4 1 1 1 1 0 1
cob=(4)
cfi=(175)
cfn=(720)
calls=1 0 
0 2066 653 270 12 13 0 12 4
0 4 0 1
cob=(4)
cfi=(175)
cfn=(732)
calls=1 0 
0 833 274 139 4 8 1 4 1 1
0 4 1 1 0 1
cob=(4)
cfi=(175)
cfn=(720)
calls=1 0 
0 400 118 12 0 1
0 24 1 15 3 0 4 3 0 4
cob=(4)
cfi=(175)
cfn=(738)
calls=1 0 
0 1426 435 205 7 15 0 7 5
0 4 1 1 0 1
cob=(4)
cfi=(175)
cfn=(720)
calls=1 0 
0 400 118 12 0 1 0 0 1
0 8 2 3 1 2 0 1
cob=(4)
cfi=(175)
cfn=(720)
calls=1 0 
0 400 118 12 0 1 0 0 1
0 8 2 3 1 2 0 1
cob=(4)
cfi=(175)
cfn=(720)
calls=1 0 
0 400 118 12
0 5 1 3 0 1
cob=(4)
cfi=(175)
cfn=(684)
calls=1 0 
0 25 8 3
0 5 1 2 1 1 0 1
cob=(4)
cfi=(175)
cfn=(720)
calls=1 0 
0 400 118 12
0 29 1 19 3 1 3 3 0 3
cob=(4)
cfi=(175)
cfn=(744)
calls=1 0 
0 1187 346 160 8 11 0 8 3
0 4 1 1 1 1 0 1
cob=(4)
cfi=(175)
cfn=(720)
calls=1 0 
0 400 118 12
0 29 1 19 3 1 2 3 0 2
cob=(4)
cfi=(175)
cfn=(750)
calls=1 0 
0 1188 346 160 7 5 0 7
0 4 1 1
cob=(4)
cfi=(175)
cfn=(720)
calls=1 0 
0 400 118 12
0 8 2 3 1 2 0 1
cob=(4)
cfi=(175)
cfn=(720)
calls=1 0 
0 400 118 12
0 8 2 3 1 2 1 1 0 1
cob=(4)
cfi=(175)
cfn=(720)
calls=1 0 
0 400 118 12
0 35 0 28 4 0 7 4 0 7
cob=(4)
cfi=(175)
cfn=(756)
calls=1 0 
0 2039 611 301 19 19 0 19 3
0 4 1 1 0 1
cob=(4)
cfi=(175)
cfn=(720)
calls=1 0 
0 400 118 12
0 8 2 3 1 2 1 1 0 1
cob=(4)
cfi=(175)
cfn=(720)
calls=1 0 
0 400 118 12
0 8 2 3 0 1
cob=(4)
cfi=(175)
cfn=(720)
calls=1 0 
0 400 118 12 0 1 0 0 1
0 4 0 1 1 0 0 1
cob=(4)
cfi=(175)
cfn=(768)
calls=1 0 
0 803 271 141 4 8 0 4
0 4 1 1
cob=(4)
cfi=(175)
cfn=(720)
calls=1 0 
0 400 118 12
0 4 0 1
cob=(4)
cfi=(175)
cfn=(774)
calls=1 0 
0 26868 7741 3995 49 85 21 48 25 21
0 4 1 1 1 1 0 1
cob=(4)
cfi=(175)
cfn=(720)
calls=1 0 
0 400 118 12 0 1 0 0 1
0 4 0 1
cob=(4)
cfi=(175)
cfn=(828)
calls=1 0 
0 833 274 139 3 6 2 3 2 2
0 4 1 1
cob=(4)
cfi=(175)
cfn=(720)
calls=1 0 
0 400 118 12
0 23 1 15 3 1 3 3 0 3
cob=(4)
cfi=(175)
cfn=(834)
calls=1 0 
0 1338 369 204 7 7 3 7 3 3
0 4 1 1 0 1
cob=(4)
cfi=(175)
cfn=(720)
calls=1 0 
0 400 118 12 0 1 0 0 1
0 8 2 3 1 0 0 1
cob=(4)
cfi=(175)
cfn=(720)
calls=1 0 
0 400 118 12 0 1 0 0 1
0 8 2 3 1 1 0 1
cob=(4)
cfi=(175)
cfn=(720)
calls=1 0 
0 400 118 12
0 5 1 3
cob=(4)
cfi=(175)
cfn=(684)
calls=1 0 
0 25 8 3
0 18 4 5 2 2 0 2
cob=(4)
cfi=(175)
cfn=(720)
calls=1 0 
0 400 118 12
0 28 1 19 4 0 4 4 0 4
cob=(4)
cfi=(175)
cfn=(840)
calls=1 0 
0 1198 340 160 7 10 0 7 2
0 4 1 1
cob=(4)
cfi=(175)
cfn=(720)
calls=1 0 
0 400 118 12
0 27 1 19 3 1 2 3 0 2
cob=(4)
cfi=(175)
cfn=(846)
calls=1 0 
0 1166 336 160 8 8 0 8 1
0 4 1 1 0 1
cob=(4)
cfi=(175)
cfn=(720)
calls=1 0 
0 400 118 12
0 8 2 3 1 2 0 1
cob=(4)
cfi=(175)
cfn=(720)
calls=1 0 
0 400 118 12
0 8 2 3 1 1 0 1
cob=(4)
cfi=(175)
cfn=(720)
calls=1 0 
0 400 118 12
0 35 0 28 4 0 6 4 0 6
cob=(4)
cfi=(175)
cfn=(852)
calls=1 0 
0 2068 614 300 18 18 1 18 3 1
0 4 1 1
cob=(4)
cfi=(175)
cfn=(720)
calls=1 0 
0 400 118 12
0 8 2 3 1 0 0 1
cob=(4)
cfi=(175)
cfn=(720)
calls=1 0 
0 400 118 12
0 8 2 3 1 1 0 1
cob=(4)
cfi=(175)
cfn=(720)
calls=1 0 
0 400 118 12 0 1 0 0 1
0 4 0 1
cob=(4)
cfi=(175)
cfn=(864)
calls=1 0 
0 803 271 141 3 6 1 3 1 1
0 4 1 1
cob=(4)
cfi=(175)
cfn=(720)
calls=1 0 
0 400 118 12
0 8 2 3 1 1 0 1
cob=(4)
cfi=(175)
cfn=(720)
calls=1 0 
0 400 118 12
0 8 2 3 1 0 0 1
cob=(4)
cfi=(175)
cfn=(720)
calls=1 0 
0 400 118 12
0 8 2 3 1 0 0 1
cob=(4)
cfi=(175)
cfn=(720)
calls=1 0 
0 400 118 12
0 8 2 3
cob=(4)
cfi=(175)
cfn=(720)
calls=1 0 
0 400 118 12
0 9 3 4 1 0 0 1
cfn=(870)
calls=1 0 
0 9401 2884 1492 77 75 7 77 9 7
0 3 2 1
cob=(4)
cfi=(175)
cfn=(726)
calls=1 0 
0 8 3
0 5 2 2 1 0 0 1
cob=(4)
cfi=(175)
cfn=(726)
calls=1 0 
0 8 3
0 4 2 2
cob=(4)
cfi=(175)
cfn=(726)
calls=1 0 
0 8 3
0 5 2 2
cob=(4)
cfi=(175)
cfn=(726)
calls=1 0 
0 8 3
0 5 2 2 1 0 0 1
cob=(4)
cfi=(175)
cfn=(726)
calls=1 0 
0 8 3
0 4 2 2
cob=(4)
cfi=(175)
cfn=(726)
calls=1 0 
0 8 3
0 5 2 2 1 0 0 1
cob=(4)
cfi=(175)
cfn=(726)
calls=1 0 
0 8 3
0 4 2 2
cob=(4)
cfi=(175)
cfn=(726)
calls=1 0 
0 8 3
0 13 9 1 1 1 0 1

fn=(1760)
0 2 1

fn=(1776)
0 4 2

fn=(812)
0 88 1 0 1 0 0 1
cob=(4)
cfi=(175)
cfn=(814)
calls=1 0 
0 505 97 25
0 24 1 0 2 0 0 2
cob=(4)
cfi=(175)
cfn=(814)
calls=1 0 
0 395 77 21 0 1 0 0 1
0 3 1
cob=(4)
cfi=(175)
cfn=(814)
calls=1 0 
0 560 107 27
0 9 1 0 1 0 0 1
cob=(4)
cfi=(175)
cfn=(814)
calls=1 0 
0 205 43 14
0 3 1
cob=(4)
cfi=(175)
cfn=(814)
calls=1 0 
0 150 33 12 1 1 0 1 1
0 3 1 0 1 0 0 1
cob=(4)
cfi=(175)
cfn=(814)
calls=1 0 
0 847 301 144 10 16 0 10 5
0 3 1
cob=(4)
cfi=(175)
cfn=(814)
calls=1 0 
0 260 53 16
0 7 3
cob=(4)
cfi=(175)
cfn=(814)
calls=1 0 
0 340 67 19 0 2 0 0 1
0 3 1 0 1 0 0 1
cob=(4)
cfi=(175)
cfn=(814)
calls=1 0 
0 195 39 14
0 3 1
cob=(4)
cfi=(175)
cfn=(814)
calls=1 0 
0 615 117 29

fn=(1090) 0x00000000000b7120
0 10 0 5 2 0 1 2
cob=(4)
cfi=(175)
cfn=(1092)
calls=1 0 
0 756 253 130 2 10 0 1 2
0 7 0 2
cob=(4)
cfi=(175)
cfn=(1076)
calls=1 0 
0 78 17 18 0 0 1 0 0 1
0 3 0 2 1 0 0 1
cob=(4)
cfi=(175)
cfn=(1092)
calls=1 0 
0 7 3 1
0 9 3 1
cob=(4)
cfi=(175)
cfn=(1076)
calls=1 0 
0 78 17 18

fn=(1202) 0x00000000000b76c0
0 5 0 0 1 0 0 1
cob=(4)
cfi=(175)
cfn=(1076)
calls=1 0 
0 78 17 18

fn=(1412)
0 114 6 60 2 0 0 2
cfn=(1414) 0x0000000000142070
calls=6 0 
0 180 78 36 2 10 0 2 10
0 174 6 36 2 0 0 2
cfn=(1420) 0x0000000000146900
calls=6 0 
0 386 28 22 2 3 0 2 2
0 168 42 18 2 3 0 2 2
cfn=(1356) __gnu_cxx::stdio_sync_filebuf<char, std::char_traits<char> >::xsputn(char const*, long)
calls=6 0 
0 1022 250 144 4 1 4 4 0 4
0 96 54 0 1 0 0 1

fn=(1624)
0 36 4 12 1 2 0 1 1
cob=(4)
cfi=(175)
cfn=(1626)
calls=4 0 
0 878 300 134 5 72 12 5 45 10
0 28 24 0 1 0 0 1

fn=(648)
0 40 7 17 5 5 3 5 1
cob=(4)
cfi=(175)
cfn=(650)
calls=1 0 
0 73987 22033 10045 335 428 104 334 96 95
0 16 3 11 3 1 2 2
cob=(4)
cfi=(175)
cfn=(650)
calls=1 0 
0 32 12 7
0 14 2 11 2 0 2 2
cob=(4)
cfi=(175)
cfn=(650)
calls=1 0 
0 32 12 7
0 7 1 4
cob=(4)
cfi=(175)
cfn=(1026)
calls=1 0 
0 777 257 160 5 7 4 5 1
0 11 1 6 1 0 1 1
cob=(4)
cfi=(175)
cfn=(1032)
calls=1 0 
0 4342 1402 686 21 40 0 20 9
0 4 1 1 1 0 0 1
cob=(4)
cfi=(175)
cfn=(1026)
calls=1 0 
0 94 14 31 0 0 4 0 0 3
0 15 1 8 1 0 0 1
cob=(4)
cfi=(175)
cfn=(1032)
calls=1 0 
0 185 67 41
0 4 1 1 0 1
cob=(4)
cfi=(175)
cfn=(1026)
calls=1 0 
0 94 14 31 0 0 4 0 0 4
0 11 1 6 1 0 1 1 0 1
cob=(4)
cfi=(175)
cfn=(1032)
calls=1 0 
0 185 67 41
0 4 1 2 1 0 0 1
cob=(4)
cfi=(175)
cfn=(1026)
calls=1 0 
0 94 14 31 0 0 4 0 0 4
0 11 2 6 1 0 0 1
cob=(4)
cfi=(175)
cfn=(1032)
calls=1 0 
0 185 67 41
0 23 4 12 2 2 1 2
cob=(4)
cfi=(175)
cfn=(650)
calls=1 0 
0 32 12 7
0 16 3 11 2 0 3 2
cob=(4)
cfi=(175)
cfn=(650)
calls=1 0 
0 32 12 7
0 14 2 11 2 0 1 2
cob=(4)
cfi=(175)
cfn=(650)
calls=1 0 
0 32 12 7
0 7 1 4 1 0 0 1
cob=(4)
cfi=(175)
cfn=(1026)
calls=1 0 
0 94 14 31 0 0 4 0 0 4
0 11 1 7 1 0 1 1 0 1
cob=(4)
cfi=(175)
cfn=(1062)
calls=1 0 
0 2165 656 300 8 17 0 8 6
0 4 1 1
cob=(4)
cfi=(175)
cfn=(1026)
calls=1 0 
0 94 14 31 0 0 4 0 0 4
0 15 1 9 2 0 0 2
cob=(4)
cfi=(175)
cfn=(1062)
calls=1 0 
0 185 67 42
0 4 1 1
cob=(4)
cfi=(175)
cfn=(1026)
calls=1 0 
0 94 14 31 0 0 4 0 0 3
0 11 1 7 1 0 1 1 0 1
cob=(4)
cfi=(175)
cfn=(1062)
calls=1 0 
0 185 67 42
0 4 1 2 1 0 0 1
cob=(4)
cfi=(175)
cfn=(1026)
calls=1 0 
0 94 14 31 0 0 4
0 11 2 7 1 0 0 1
cob=(4)
cfi=(175)
cfn=(1062)
calls=1 0 
0 185 67 42
0 15 9 4 1 0 0 1

fn=(654)
0 220 0 132 1 0 1 1 0 1
cfn=(656) 0x00000000000e98b0
calls=22 0 
0 73452 21867 9909 330 419 103 329 94 95
0 264 154 22 2 1 0 2

fn=(708)
0 8 0 3 1 0 0 1
cob=(4)
cfi=(175)
cfn=(710)
calls=1 0 
0 818 294 143 8 13 1 8 5
0 6 3 1

fn=(748)
0 114 38 31 6 2 0 6 1

fn=(1036)
0 32 0 16 1 0 0 1
cob=(4)
cfi=(175)
cfn=(1038)
calls=4 0 
0 2541 885 475 12 26 0 12 5
0 12 0 4 1 0 0 1
cob=(4)
cfi=(175)
cfn=(1056)
calls=4 0 
0 1222 398 165 5 8 0 5 3
0 52 16 20

fn=(1104) 0x00000000000b71b0
0 3 1 1 0 0 1

fn=(1200) 0x00000000000b76a0
0 5
cob=(4)
cfi=(175)
cfn=(1076)
calls=1 0 
0 78 17 18 0 0 1 0 0 1

fn=(1348)
0 171 9 90 1 0 0 1
cob=(4)
cfi=(175)
cfn=(1350)
calls=9 0 
0 930 329 183 5 16 5 5 7 2
0 297 189 27 5 5 0 5 3
cfn=(1356)
calls=9 0 
0 3604 971 528 54 40 10 52 15 8
0 45 18

fn=(1414)
0 54 6 36 2 2 0 2 2
cob=(4)
cfi=(175)
cfn=(726)
calls=6 0 
0 48 18 0 0 4 0 0 4
0 78 54 0 0 4 0 0 4

fn=(1752)
0 5 2 0 1 1 0 1 1

fn=(1828)
0 48 10 16 1 1 0 1 1
cob=(4)
cfi=(175)
cfn=(1819)
calls=1 0 
0 138 55 24
0 27 17 3 1 0 0 1

fn=(1829)
0 22 8 6

fn=(730)
0 984 328 96 2 10 0 2 9

fn=(832)
0 14 1 6 2 0 1 2 0 1
cob=(4)
cfi=(175)
cfn=(684)
calls=1 0 
0 25 8 3
0 5 4 1 0 0 1 0 0 1

fn=(1084) 0x00000000000b7ae0
0 12 1 0 3 0 0 3

fn=(1116) 0x00000000000b71e0
0 23 1 13 2 0 1 2
cob=(4)
cfi=(175)
cfn=(1118)
calls=1 0 
0 1543 479 154 14 60 0 9 6
0 27 9 8 2 0 0 2
cob=(4)
cfi=(175)
cfn=(1136)
calls=1 0 
0 2676 491 458 73 44 47 67 14 45
0 8 0 4

fn=(1244) 0x00000000000b7830
0 50 25 12 3 7 0 3 1

fn=(1804)
0 8 0 4 1 0 0 1
cob=(4)
cfi=(175)
cfn=(1806)
calls=2 0 
0 1659 585 271 10 38 1 10 38 1
0 10 6 0 0 1 0 0 1

fn=(1834) 0x00000000000b7a30
0 5 1 0 2 0 0 2

fn=(1656)
0 4 0 0 1 0 0 1
cob=(4)
cfi=(175)
cfn=(1390)
calls=2 0 
0 976 232 140 0 24 4 0 22 4

fn=(724)
0 480 0 224 1 0 0 1
cob=(4)
cfi=(175)
cfn=(726)
calls=32 0 
0 1263 441 193 4 13 0 4 8
0 11712 3552 96 5 0 0 5

fn=(766)
0 13 2 5 2 0 0 2
cob=(4)
cfi=(175)
cfn=(684)
calls=1 0 
0 25 8 3
0 119 25 25 11 3 0 11

fn=(772)
0 14 1 6 2 1 0 2
cob=(4)
cfi=(175)
cfn=(684)
calls=1 0 
0 25 8 3
0 2 0 2
cob=(4)
cfi=(175)
cfn=(672)
calls=1 0 
0 5 2
0 5 4 1

fn=(784)
0 11 1 6 1 0 0 1
cob=(4)
cfi=(175)
cfn=(786)
calls=1 0 
0 800 291 138 5 13 0 5 6
0 770 0 256 1 0 2 1 0 2
cob=(4)
cfi=(175)
cfn=(792)
calls=128 0 
0 4320 1447 781 5 15 0 4 4
0 262 0 2 1 0 0 1
cob=(4)
cfi=(175)
cfn=(798)
calls=1 0 
0 769 285 139 5 6 0 5 1
0 510 0 255
cob=(4)
cfi=(175)
cfn=(798)
calls=255 0 
0 11618 3959 1403 4 6 0 4
0 1086 0 272 1 0 16 1 0 16
cob=(4)
cfi=(175)
cfn=(808)
calls=8 0 
0 3316 894 369 19 29 0 19 11
0 72 0 16 0 0 1 0 0 1
cob=(4)
cfi=(175)
cfn=(808)
calls=4 0 
0 1745 329 81
0 23 5 4 0 0 1 0 0 1
cob=(4)
cfi=(175)
cfn=(786)
calls=1 0 
0 24 10 4 0 1
0 2 0 0 1 0 0 1

fn=(856)
0 16 1 8 1 1 1 1 0 1
cob=(4)
cfi=(175)
cfn=(672)
calls=1 0 
0 5 2
0 4 0 2 1 0 0 1
cob=(4)
cfi=(175)
cfn=(858)
calls=1 0 
0 1147 328 161 15 10 0 15 3
0 4 4

fn=(868)
0 14 1 6 1 0 1 1 0 1
cob=(4)
cfi=(175)
cfn=(684)
calls=1 0 
0 25 8 3
0 2 0 2
cob=(4)
cfi=(175)
cfn=(672)
calls=1 0 
0 5 2
0 5 4 1

fn=(906)
0 115 38 31 6 0 0 6

fn=(960)
0 109 30 31 5 0 0 5

fn=(1042)
0 120 16 56 2 1 0 2 1
cob=(4)
cfi=(175)
cfn=(650)
calls=8 0 
0 256 96 56
0 24 0 8
cob=(4)
cfi=(175)
cfn=(1044)
calls=8 0 
0 899 317 161 4 8 0 4 1
0 16 0 8 1 0 0 1
cob=(4)
cfi=(175)
cfn=(1050)
calls=8 0 
0 823 294 145 3 9 0 3 1
0 64 48

fn=(1096)
0 10 4 2 1 0 0 1

fn=(1226) 0x00000000000b77b0
0 34 17 8 2 4 0 2 1

fn=(1270) 0x00000000000b78f0
0 50 25 12 3 4 0 3 1

fn=(1394)
0 102 6 48 2 0 0 2
cob=(4)
cfi=(175)
cfn=(1350)
calls=6 0 
0 144 54 36
0 115 50 5 1 6 0 1 4
cfn=(1406) std::num_put<char, std::ostreambuf_iterator<char, std::char_traits<char> > >::do_put(std::ostreambuf_iterator<char, std::char_traits<char> >, std::ios_base&, char, long) const
calls=5 0 
0 1820 393 264 0 16 4 0 16 4
0 10 3 1 1 2 0 1
cfn=(1406)
calls=1 0 
0 1540 405 181 18 12 0 18 1
0 135 84 4 3 0 0 3
cob=(4)
cfi=(175)
cfn=(1396)
calls=1 0 
0 2373 618 306 22 20 8 18 6
0 7 4 0 1 0 0 1

fn=(1400)
0 741 53 40 11 1 4 11
cob=(4)
cfi=(175)
cfn=(1402)
calls=1 0 
0 812 298 136 9 12 4 5 5
0 13 7 1

fn=(1406)
0 18 0 0 1 0 0 1
cob=(4)
cfi=(175)
cfn=(1408)
calls=6 0 
0 3342 798 445 17 28 4 17 17 4

fn=(1466)
0 22088 0 6024 2 0 0 2
cob=(4)
cfi=(175)
cfn=(1136)
calls=2008 0 
0 358298 72743 37464 8 363 2065 5 0 2005
0 10040 6024

fn=(1766)
0 2 1 0 1 0 0 1

fn=(1780)
0 14 4 3 2 3 0 2 3
cob=(4)
cfi=(175)
cfn=(1782)
calls=1 0 
0 1559 574 287 17 49 2 17 38 2
0 2 1 1 0 1 0 0 1
cob=(4)
cfi=(175)
cfn=(1782)
calls=1 0 
0 2739 969 463 13 56 1 13 56 1
0 2 1 1 0 1 0 0 1
cob=(4)
cfi=(175)
cfn=(1782)
calls=1 0 
0 138 55 24 0 2 0 0 2
0 2 1 1 0 1 0 0 1
cob=(4)
cfi=(175)
cfn=(1818)
calls=1 0 
0 1938 614 282 10 22 0 10 22
0 2 1 1 1 1 0 1 1
cob=(4)
cfi=(175)
cfn=(1818)
calls=1 0 
0 401 156 67 0 5 0 0 5
0 2 1 1 0 1 0 0 1
cob=(4)
cfi=(175)
cfn=(1818)
calls=1 0 
0 138 55 24 0 2 0 0 2
0 2 2

fn=(1788) __gnu_cxx::stdio_sync_filebuf<char, std::char_traits<char> >::sync()
0 15 5 0 1 2 0 1 1
cob=(4)
cfi=(175)
cfn=(1790)
calls=5 0 
0 1075 396 194 10 36 2 10 31 2

fn=(688)
0 112 0 42 1 0 0 1
cob=(4)
cfi=(175)
cfn=(690)
calls=14 0 
0 3002 970 444 22 42 3 22 16
0 98 56

fn=(1764)
0 2 1 0 1 0 0 1

fn=(1810)
0 10 0 4 1 0 0 1
cob=(4)
cfi=(175)
cfn=(1812)
calls=2 0 
0 944 335 138 8 28 1 8 28 1
0 6 4

fn=(736)
0 14 1 6 1 1 1 1 0 1
cob=(4)
cfi=(175)
cfn=(684)
calls=1 0 
0 25 8 3
0 5 4 1 1 0 0 1

fn=(754)
0 115 38 31 5 0 0 5

fn=(930)
0 14 1 6 2 0 1 2 0 1
cob=(4)
cfi=(175)
cfn=(684)
calls=1 0 
0 25 8 3
0 2 0 2
cob=(4)
cfi=(175)
cfn=(672)
calls=1 0 
0 5 2
0 5 4 1

fn=(1030)
0 480 8 192 3 0 31 3 0 21
cob=(4)
cfi=(175)
cfn=(650)
calls=8 0 
0 256 96 56 0 0 1 0 0 1

fn=(1204) 0x00000000000b76e0
0 10 0 3 1 0 0 1
cob=(4)
cfi=(175)
cfn=(1076)
calls=1 0 
0 78 17 18 0 0 1 0 0 1
0 7 2
cob=(4)
cfi=(175)
cfn=(1076)
calls=1 0 
0 78 17 18

fn=(1208) 0x00000000000b7730
0 34 17 8 2 2 0 2 1

fn=(1296) 0x00000000000b79b0
0 10 0 3 1 0 0 1
cob=(4)
cfi=(175)
cfn=(1076)
calls=1 0 
0 78 17 18 0 0 1 0 0 1
0 4 0 1
cob=(4)
cfi=(175)
cfn=(1076)
calls=1 0 
0 78 17 18
0 7 2 0 1 0 0 1
cob=(4)
cfi=(175)
cfn=(1076)
calls=1 0 
0 78 17 18 0 0 1 0 0 1

fn=(1420)
0 386 28 22 2 3 0 2 2

fn=(1758)
0 2 1

fn=(1778)
0 4 0 1 1 0 0 1
cob=(4)
cfi=(175)
cfn=(1772)
calls=1 0 
0 4 2

fn=(1830) __gnu_cxx::stdio_sync_filebuf<wchar_t, std::char_traits<wchar_t> >::sync()
0 15 5 0 1 2 0 1 2
cob=(4)
cfi=(175)
cfn=(1790)
calls=5 0 
0 340 120 60

fn=(682)
0 18 1 7 2 1 1 2 0 1
cob=(4)
cfi=(175)
cfn=(684)
calls=1 0 
0 3746 1202 576 25 47 4 25 18
0 103 8 73 3 1 8 3 0 8

fn=(1756)
0 2 1 0 1 0 0 1

fn=(760)
0 16 1 8 1 0 0 1
cob=(4)
cfi=(175)
cfn=(672)
calls=1 0 
0 5 2
0 4 0 2 1 0 0 1
cob=(4)
cfi=(175)
cfn=(762)
calls=1 0 
0 1126 326 162 15 11 0 15 2
0 4 4

fn=(942)
0 353 75 75 5 0 0 5

fn=(1022)
0 3 1 1 1 0 1 1

fn=(1072)
0 36 4 16 1 0 0 1
cob=(4)
cfi=(175)
cfn=(726)
calls=4 0 
0 32 12
0 28 16 8
cob=(4)
cfi=(175)
cfn=(726)
calls=4 0 
0 32 12
0 28 16 8 1 0 0 1
cob=(4)
cfi=(175)
cfn=(726)
calls=4 0 
0 32 12
0 36 28 4

fn=(1356)
0 90 15 0 1 2 0 1 2
cob=(4)
cfi=(175)
cfn=(1358)
calls=15 0 
0 4536 1206 672 57 39 14 55 13 12

fn=(676)
0 21 7 0 1 0 0 1

fn=(1822)
0 51 12 15 2 7 0 2 7
cob=(4)
cfi=(175)
cfn=(1824)
calls=3 0 
0 1141 368 172 3 9 0 3 9
0 21 18 3 1 3 0 1 3
cfn=(1830)
calls=3 0 
0 213 75 36 1 2 0 1 2
0 52 30 1 1 0 0 1
cob=(4)
cfi=(175)
cfn=(1800)
calls=1 0 
0 35 15 4
0 7 3 1
cfn=(1830)
calls=1 0 
0 71 25 12
0 2

fn=(1823)
0 17 4 5
cob=(4)
cfi=(175)
cfn=(1825)
calls=1 0 
0 24 9 6
0 7 6 1
cfn=(1830)
calls=1 0 
0 71 25 12
0 17 10

fn=(742)
0 417 138 76 5 5 0 5 3

fn=(778)
0 14 1 6 1 0 1 1 0 1
cob=(4)
cfi=(175)
cfn=(684)
calls=1 0 
0 25 8 3
0 7 3 2 1 0 0 1
cob=(4)
cfi=(175)
cfn=(780)
calls=1 0 
0 26129 7484 3855 45 78 20 44 24 20

fn=(862)
0 12 2 4 2 0 0 2
cob=(4)
cfi=(175)
cfn=(684)
calls=1 0 
0 25 8 3
0 117 24 25 11 2 0 11

fn=(876)
0 417 138 76 5 0 0 5

fn=(894)
0 114 38 31 4 0 0 4

fn=(972)
0 109 30 31 6 0 0 6

fn=(996)
0 14 1 6 1 0 0 1
cob=(4)
cfi=(175)
cfn=(684)
calls=1 0 
0 25 8 3
0 2 0 2 1 0 0 1
cob=(4)
cfi=(175)
cfn=(672)
calls=1 0 
0 5 2
0 5 4 1

fn=(1048)
0 184 64 32 2 0 0 2

fn=(1060)
0 36 4 16 1 0 0 1
cob=(4)
cfi=(175)
cfn=(726)
calls=4 0 
0 32 12
0 28 16 8 1 0 0 1
cob=(4)
cfi=(175)
cfn=(726)
calls=4 0 
0 32 12
0 28 16 8 1 0 0 1
cob=(4)
cfi=(175)
cfn=(726)
calls=4 0 
0 32 12
0 36 28 4

fn=(1066)
0 32 0 16 1 0 0 1
cob=(4)
cfi=(175)
cfn=(1038)
calls=4 0 
0 404 144 88
0 12 0 4
cob=(4)
cfi=(175)
cfn=(1068)
calls=4 0 
0 1222 398 165 4 8 0 4 2
0 52 16 24 1 0 0 1

fn=(1172) 0x00000000000b7400
0 78 7 36 4 1 4 3

fn=(1302) 0x00000000000b7a10
0 5
cob=(4)
cfi=(175)
cfn=(1076)
calls=1 0 
0 78 17 18

fn=(1354)
0 258 55 91 2 8 2 2 4 2
cob=(4)
cfi=(175)
cfn=(1783)
calls=1 0 
0 138 55 24
0 147 92 18 1 0 0 1

fn=(1355)
0 22 8 6

fn=(1592)
0 4016 0 0 1 0 0 1
cob=(4)
cfi=(175)
cfn=(1594)
calls=2008 0 
0 486166 147487 74486 28 2115 17 27 466 2

fn=(1598)
0 4016
cob=(4)
cfi=(175)
cfn=(1600)
calls=2008 0 
0 477523 145248 74357 26 2072 3 26 464 2

fn=(1744) 0x00000000000b7aa0
0 9 3 2 1 3 0 1 3
cob=(4)
cfi=(175)
cfn=(1750)
calls=1 0 
0 8127 2818 1354 56 176 22 56 165 22
0 1 0 1
cfn=(1834)
calls=1 0 
0 5 1 0 2 0 0 2
0 3 2 1

fn=(844)
0 109 30 31 5 0 0 5

fn=(1054)
0 96 40 16 2 0 0 2

fn=(1770)
0 4 0 1 1 0 1 1 0 1
cob=(4)
cfi=(175)
cfn=(1772)
calls=1 0 
0 769 254 129 3 31 18 3 31 18

fn=(656)
0 12 1 4 1 0 0 1
cob=(4)
cfi=(175)
cfn=(666)
calls=1 0 
0 72511 21522 9773 325 412 102 324 91 95
0 9 3 2
cob=(4)
cfi=(175)
cfn=(1018)
calls=1 0 
0 744 254 130 2 6 1 2 2
0 176 87 0 2 1 0 2 1

fn=(700)
0 7 1 0 1 0 0 1
cob=(4)
cfi=(175)
cfn=(704)
calls=1 0 
0 1809 589 276 11 22 3 11 7

fn=(1768)
0 2 1 0 1 0 0 1

fn=(1786)
0 51 12 15 1 7 0 1 4
cob=(4)
cfi=(175)
cfn=(1350)
calls=3 0 
0 219 85 43 0 2 0 0 1
0 21 18 3 1 3 0 1 2
cfn=(1788)
calls=3 0 
0 948 351 170 11 38 2 11 32 2
0 52 30 1 1 0 0 1
cob=(4)
cfi=(175)
cfn=(1800)
calls=1 0 
0 2373 828 400 13 47 1 13 47 1
0 7 3 1
cfn=(1788)
calls=1 0 
0 71 25 12
0 2

fn=(1787)
0 17 4 5
cob=(4)
cfi=(175)
cfn=(1351)
calls=1 0 
0 24 9 6
0 7 6 1
cfn=(1788)
calls=1 0 
0 71 25 12
0 17 10

ob=(1)
fl=(242)
fn=(1692)
26 5 0 3 1 0 0 1
+17 1
-17 6 0 4
+20 13 1 0 1 1 0 1 1
+3 2 1 1 0 1 0 0 1
cob=(2)
cfi=(243)
cfn=(1694)
calls=1 +28 
* 44 12 6 6 1 0 6 1
+2 1 1 0 1 1 0 1 1
+3 2
+2 5 2 0 0 1 0 0 1
+7 3 0 1
-2 1 0 1
+2 1 0 1
cfi=(48)
cfn=(570) _dl_audit_activity_nsid
calls=1 -22 
* 11 3 0 2 1 0 2 1
+5 15 1 0 1 0 0 1
+5 1 1
-5 1 0 0 1 0 0 1
+5 3
+2 14 7 0 0 7 0 0 7
+2 14
+2 14 0 7 0 0 1
+1 7 0 7 0 0 7 0 0 7
+1 7
+4 7 0 7 1 0 6 1 0 6
-12 21 7 0 0 2 0 0 2
+14 6
+1 4
+6 6 0 2 1 0 0 1
cfi=(13) ./elf/./elf/dl-sort-maps.c
cfn=(232) _dl_sort_maps
calls=1 298 
* 556 156 86 18 11 1 18 11 1
+9 2 1 1
cob=(2)
cfi=(244)
cfn=(1696)
calls=1 367 
* 34 8 5 4 0 0 4
+5 6 1
+2 1 1
+2 2 1
-2 6 6
+2 12 6
+2 28 0 21 1 0 0 1
cfi=(245) ./elf/./elf/dl-call_fini.c
cfn=(1698) _dl_call_fini
calls=7 -90 
* 9061 3078 1479 95 224 23 95 211 23
+3 14 0 7
cfi=(48)
cfn=(1724) _dl_audit_objclose
calls=7 -20 
* 35 14 0 1 0 0 1
-9 14 14 0 1 0 0 1
+14 7 0 7
-14 21
+18 3 0 1
cfi=(48)
cfn=(570)
calls=1 -85 
* 11 3
* 2 1
+6 4 2 1
+2 1
-2 2
+6 2 1
+7 8 7
-77 2 0 1 1 0 0 1

fl=(169) ./elf/./elf/dl-call-libc-early-init.c
fn=(552) _dl_call_libc_early_init
27 1 0 0 1 0 0 1
+2 2
-2 1 0 1
+6 3
-6 3 0 1
+6 1
-6 2 0 1
+6 1 0 1
cfi=(168) ./elf/./elf/dl-lookup-direct.c
cfn=(548) _dl_lookup_direct
calls=1 +41 
* 225 50 14 0 10 0 0 5
+4 2
+2 3 2 0 1 0 0 1
+2 1 1
-1 1
-1 1 1
+2 2 2
-1 1
cob=(2)
cfi=(170)
cfn=(554)
calls=1 -7 
* 353 75 38 15 23 5 15 7 5

fl=(177) ./elf/./elf/dl-init.c
fn=(586) call_init.part.0
26 84 0 42 4 0 1 2
+17 7 7
+3 7 7 0 0 1
-3 14 0 7
+3 14 7 0 0 6
+5 12 6
+8 18 6 0 1 4 0 1
+1 24 8 4 0 3
cob=(4)
cfi=(175)
cfn=(630)
calls=1 -60 
* 7 2 0 1 1 0 1
cob=(4)
cfi=(175)
cfn=(618)
calls=1 -60 
* 7 2 0 1 1 0 1
cob=(4)
cfi=(175)
cfn=(608)
calls=1 -60 
* 7 2 0 1 1 0 1
cob=(4)
cfi=(175)
cfn=(588)
calls=1 -60 
* 7 2 0 1 0 0 1
+3 6 6 0 0 5
+1 12
+6 10 10 0 0 4
+2 10 10
-2 5
+3 48 0 0 1 0 0 1
+1 72 18 18 0 3
cob=(7)
cfi=(185)
cfn=(1302)
calls=1 -74 
* 83 17 18
cob=(7)
cfi=(185)
cfn=(1296)
calls=1 -74 
* 255 53 58 2 0 2 2 0 2
cob=(7)
cfi=(185)
cfn=(1270)
calls=1 -74 
* 50 25 12 3 4 0 3 1
cob=(7)
cfi=(185)
cfn=(1244)
calls=1 -74 
* 50 25 12 3 7 0 3 1
cob=(7)
cfi=(185)
cfn=(1226)
calls=1 -74 
* 34 17 8 2 4 0 2 1
cob=(7)
cfi=(185)
cfn=(1208)
calls=1 -74 
* 34 17 8 2 2 0 2 1
cob=(7)
cfi=(185)
cfn=(1204)
calls=1 -74 
* 173 36 39 1 0 1 1 0 1
cob=(7)
cfi=(185)
cfn=(1202)
calls=1 -74 
* 83 17 18 1 0 0 1
cob=(7)
cfi=(185)
cfn=(1200)
calls=1 -74 
* 83 17 18 0 0 1 0 0 1
cob=(7)
cfi=(185)
cfn=(1198)
calls=1 -74 
* 48 11 28 6 4 6 6 4 6
cob=(7)
cfi=(185)
cfn=(1172)
calls=1 -74 
* 78 7 36 4 1 4 3
cob=(7)
cfi=(185)
cfn=(1116)
calls=1 -74 
* 4277 980 637 91 104 48 80 20 45
cob=(7)
cfi=(185)
cfn=(1106)
calls=1 -74 
* 758 254 132 4 6 0 3
cob=(7)
cfi=(185)
cfn=(1104)
calls=1 -74 
* 3 1 1 0 0 1
cob=(7)
cfi=(185)
cfn=(1090)
calls=1 -74 
* 948 293 177 5 10 2 4 2 1
cob=(7)
cfi=(185)
cfn=(1084)
calls=1 -74 
* 12 1 0 3 0 0 3
cob=(6) /usr/lib/x86_64-linux-gnu/libgcc_s.so.1
cfi=(184) ???
cfn=(624) 0x0000000000005b10
calls=1 -74 
* 12 1 0 3 0 0 3
cob=(2)
cfi=(182)
cfn=(606)
calls=1 545 
* 12 7 0 2 4 0 2
* 20 5 5 0 3
cob=(7)
cfi=(185)
cfn=(634)
calls=1 -74 
* 85192 25529 12133 427 530 160 421 119 120
cob=(6)
cfi=(184)
cfn=(622) __cpu_indicator_init
calls=1 -74 
* 364 17 45 40 2 0 40 1
cob=(3)
cfi=(183)
cfn=(612)
calls=1 -74 
* 12 1 0 3 0 0 3
cob=(2)
cfi=(179)
cfn=(598)
calls=1 -28 
* 72 19 11 7 5 3 7 1 1
cob=(5)
cfi=(178)
cfn=(592)
calls=1 -74 
* 12 1 0 3 0 0 3
-1 69 0 0 1
+3 56 49 0 0 1
-29 2 0 0 1 0 0 1

fn=(584) _dl_init
81 13 0 6 1 0 0 1
+1 1 1 0 0 1
+1 1 1
+3 3 1
+8 2 0 0 1 0 0 1
+25 1 1
+1 8
+1 14 14 0 1 2
-92 14 7
+6 21 7 0 1 0 0 1
+2 32
+83 12 0 6
cfn=(586)
calls=6 -94 
* 93086 27470 13458 616 712 228 593 151 177
* 12 0 0 1
+7 8 7 0 0 1
-98 2 1 0 1 0 0 1
+60 2 0 1
-54 3 1
+2 7 0 2 1 0 1 1
cfn=(586)
calls=1 -11 
* 77 23 9 8 4 1 8
* 2 1

fl=(62) ./io/../sysdeps/unix/sysv/linux/close_nocancel.c
fn=(194) __GI___close_nocancel
25 6 0 0 1 0 0 1
+1 24
+1 6 6

fl=(167) ./elf/../sysdeps/nptl/dl-mutex.c
fn=(546) __rtld_mutex_init
30 2 0 1 1 0 0 1
+10 3
-10 3 0 2
+10 1
-10 1 0 1
+10 1
-10 1
+7 1 1
+3 2 0 1
cfi=(168)
cfn=(548)
calls=1 +34 
* 233 53 14 7 4 0 7 3
+4 2 0 0 1 0 0 1
+1 8 3
+2 3
-2 1 0 1
+2 3 0 1
cfi=(168)
cfn=(548)
calls=1 +27 
* 223 50 14 0 6 0 0 4
+4 2 0 0 1 0 0 1
+1 7 3 1
+1 6 5

fl=(48)
fn=(1322)
118 1 0 0 1 0 0 1
+1 4 2 0 0 1

fn=(152) _dl_audit_activity_map
29 2 0 1
+2 1 1
-2 5 0 4 1 0 0 1
+1 1 1
+1 2
+6 6 6 0 1 0 0 1

fn=(570)
41 3 0 0 2 0 0 2
+4 12 3
+1 3 3 0 0 1 0 0 1
+1 15 3 0 2 0 0 2

fn=(198) _dl_audit_objopen
77 5 0 0 1 0 0 1
+1 20 10

fn=(1724)
97 7 0 0 1 0 0 1
+1 28 14

fl=(52) ./elf/./elf/dl-misc.c
fn=(524) _dl_higher_prime_number
87 2 0 0 1
+38 2
-1 2
+3 2
+2 80
+1 30 10 0 0 4 0 0 2
+3 7
-6 24 0 0 1 0 0 1
+18 2 2
+1 2 2
-15 6

fn=(168) _dl_name_match_p
68 812 0 348 1 0 1 1 0 1
+1 232 116 116 0 0 1 0 0 1
cfi=(32) ./string/../sysdeps/x86_64/multiarch/../multiarch/strcmp-sse2.S
cfn=(94) strcmp
calls=116 +29 
* 3890 767 0 16 1 0 16 1
* 232
+3 116 116
+2 232
+6 113 113
-6 226
+1 399 133 133 1 0 0 1
cfi=(32)
cfn=(94)
calls=133 +23 
* 4682 904 0 11 0 0 11
* 266
+8 20 20
-13 20
+13 156 156
-1 96
+1 288 288

fn=(216) _dl_sysdep_read_whole_file
36 2 0 1 1 0 0 1
+3 1
-3 7 0 3
+3 1
-3 2 0 1
+3 1 0 1
cfi=(53) ./io/../sysdeps/unix/sysv/linux/open64_nocancel.c
cfn=(172) __open_nocancel
calls=1 -11 
* 20 2 2
+1 2 0 0 1 0 0 1
+23 8 6
-21 4 0 1
cfi=(55) ./io/../sysdeps/unix/sysv/linux/fstat64.c
cfn=(178) fstat
calls=1 -12 
* 6 1
* 2
+2 2 1 1
+3 2 0 0 1 0 0 1
+13 2 0 1
cfi=(62)
cfn=(194)
calls=1 -35 
* 6 1
* 1
-11 6 0 1
cfi=(57) ./misc/../sysdeps/unix/sysv/linux/mmap64.c
cfn=(182) mmap
calls=1 -2 
* 26 4 3
* 2

fl=(66) ./io/../sysdeps/unix/sysv/linux/fstatat64.c
fn=(212) fstatat
146 12
-55 12
+70 14
+1 2 2
-2 8 0 4 1 0 0 1
+1 8 4

fl=(50) ./elf/./elf/dl-catch.c
fn=(160) _dl_catch_exception
204 78 0 39 1 0 2 1 0 2
58 13 13 0 0 1 0 0 1
204 26 0 26 0 0 1 0 0 1
+3 26
+22 13
-1 13 0 13 1 0 1 1 0 1
+1 13 0 13
58 26
235 39 0 13
cfi=(51) ./setjmp/../sysdeps/x86_64/setjmp.S
cfn=(162) __sigsetjmp
calls=13 31 
* 312 65 117 2 0 1 2 0 1
* 39 0 0 1 0 0 1
+2 39 26 13
cfi=(64) ./elf/./elf/dl-deps.c
cfn=(206) openaux
calls=12 61 
* 27244 5659 2872 108 182 194 107 182 194
cfi=(2) ./elf/./elf/rtld.c
cfn=(164) map_doit
calls=1 641 
* 2662 565 297 98 34 34 96 34 34
69 13 13
+1 13 13
-1 13
+1 13 0 13
239 52 13 26
-25 13
+34 39 39
59 26 13 13 1 0 0 1
+11 39 0 13

fn=(158) _dl_catch_error
254 6 0 3 1 0 0 1
+2 1
-2 6 0 1
+2 1 0 1
cfn=(160)
calls=1 -52 
* 2728 580 320 104 35 36 102 35 36
+1 2 1 1
+1 1 1
+1 1 1
-1 1 0 1
+1 1 0 1
+2 6 5 0 1 0 0 1

fn=(236) _dl_receive_error
186 2 0 1 1 0 0 1
58 1 1
186 4 0 1
+2 1 1
-2 1 0 1
58 1 0 0 1 0 0 1
+1 1 1
+11 1 0 1
192 1 0 1
+2 1 0 1
cfi=(2)
cfn=(238) version_check_doit
calls=1 674 
* 24149 7212 1543 49 122 74 49 118 73
69 2 1
+1 1 0 1
198 1 1
-1 1 0 1
+1 3 3

fl=(43) ./string/../sysdeps/x86_64/multiarch/../multiarch/memset-vec-unaligned-erms.S
fn=(130) memset
132 12 0 0 1 0 0 1
+1 60
+5 12
+1 12
+3 5
+1 5
+2 1 0 1 0 0 1 0 0 1
+1 1 0 1
+1 1 1 0 1
+97 4 0 4 1 0 3 1 0 3
+1 4 0 4
+12 4
+3 4
+1 4
+12 4 0 4 0 0 2 0 0 2
+1 4 0 4 0 0 2 0 0 2
+13 4
+1 4
+2 4
+3 3
+3 6
+3 3 0 3
+1 3 0 3
+1 3 0 3 0 0 1 0 0 1
+1 3 0 3 0 0 1 0 0 1
+1 3
+1 3
+1 3
-6 90 0 90 0 0 34 0 0 34
+1 90 0 90
+1 90 0 90 0 0 51 0 0 51
+1 90 0 90 0 0 5 0 0 5
+1 90
+1 90
+1 90
+3 4 0 4 0 0 1 0 0 1
+1 4 0 4
+1 4 0 4
+1 4 0 4
+5 4 4
+34 7 0 0 1 0 0 1
+2 7
+1 7
+39 7 0 7 1 0 2 1 0 2
+1 7 0 7 0 0 1 0 0 1
+2 7 7

fl=(8) ./elf/./elf/dl-setup_hash.c
fn=(14) _dl_setup_hash
25 7 0 0 1 0 0 1
+3 7 7
-3 7
+3 14 0 0 1 0 0 1
+3 21 14
+1 14 7 7 0 6 1 0 6 1
+2 7 7
-1 7 7
+3 21
+1 7 0 7
+1 14 7
+7 7
-5 7 0 7
-2 7 0 7 1 0 0 1
+3 14
+2 7 0 7
+2 14 0 7
+5 7 7

fl=(29) ./string/../sysdeps/x86_64/multiarch/memmove-vec-unaligned-erms.S
fn=(82) memcpy
210 33 0 0 2 0 0 2
+1 33
+6 33
+1 33
+2 25 25 0 0 1 0 0 1
+1 25
+1 25
+2 11 11
+1 11 0 11 0 0 2 0 0 2
+1 11 0 11 0 0 2 0 0 2
+2 11 11
+80 8 0 0 1 0 0 1
+1 8
+2 1
+4 1
+1 1
+1 1
+1 1 1 0 0 1 0 0 1
+1 1
+4 1 0 1 0 0 1 0 0 1
+2 1 1
+39 7 7
+1 7 7
+1 7 0 7 0 0 5 0 0 5
+1 7 0 7 0 0 1 0 0 1
+1 7 7
+7 13 13
+1 13 13
+1 13 0 13 0 0 3 0 0 3
+1 13 0 13
+1 13 0 13 0 0 4 0 0 4
+1 13 0 13
+1 13 13
+11 14 0 0 1 0 0 1
+1 14
+2 13 13
+1 13 0 0 2 0 0 2
+1 13
+20 1 0 0 1 0 0 1
+1 1
+4 1
+2 1
+16 1
+3 1
+2 1
+2 1
+4 1
+1 1
+9 1 1 0 0 1 0 0 1
+1 1 1 0 0 1 0 0 1
+2 1
+2 1
+1 1 1
+1 1 1 0 1 0 0 1
+3 1
+2 1
+2 1
+2 1
+6 1 1
+1 1 1
+1 1 1
+1 1 1 0 0 1 0 0 1
+1 1
+1 1 0 1 0 0 1 0 0 1
+1 1 0 1
+1 1 0 1
+1 1 0 1 0 0 1 0 0 1
+1 1
+1 1
+1 1
-11 2 2
+1 2 2
+1 2 2
+1 2 2 0 0 1 0 0 1
+1 2
+1 2 0 2
+1 2 0 2
+1 2 0 2
+1 2 0 2 0 0 2 0 0 2
+1 2
+1 2
+1 2
+2 1 0 1 1 0 1 1 0 1
+1 1 0 1
+1 1 0 1
+1 1 0 1
+2 1 0 1
+4 1 1

fn=(126) mempcpy
197 73
+1 73
+1 73
+1 73
+17 73
+1 73
+2 23 23 0 0 1
+1 23
+1 23
+2 20 20
+1 20 0 20 0 0 2 0 0 2
+1 20 0 20 1
+2 20 20
+80 50
+1 50
+2 19
+4 19
+1 19
+1 19
+8 19 19
+39 31 31 0 1 0 0 1
+1 31 31
+1 31 0 31 0 0 1 0 0 1
+1 31 0 31
+1 31 31
+7 3 3
+1 3 3
+1 3 0 3 0 0 1 0 0 1
+1 3 0 3 0 0 1 0 0 1
+1 3 0 3 0 0 1 0 0 1
+1 3 0 3
+1 3 3
+11 3
+1 3
+2 3 3
+1 3
+1 3

fl=(65) ./io/../sysdeps/unix/sysv/linux/stat64.c
fn=(210) stat
28 12
+1 24
cfi=(66)
cfn=(212)
calls=6 146 
* 56 6 4 1 0 0 1

fl=(53)
fn=(172)
28 60 0 30 1 0 0 1
+3 30
-3 60 0 30 0 0 1 0 0 1
+3 180
+8 210
+2 12 12
-2 72 0 24 1 0 0 1
+2 48 48

fl=(1) ???
fn=(0) 0x000000000001f540
0 2 0 1 1 0 1 1 0 1
cfi=(2)
cfn=(2) _dl_start
calls=1 517 
0 1783973 466264 159865 1070 10765 2256 1058 6945 1574
0 8 1 1 1
cfi=(76) ./elf/../sysdeps/x86_64/dl-cet.c
cfn=(580) _dl_cet_setup_features
calls=1 331 
0 4 1 0 1 0 0 1
0 10 2 1 1 1 0 1
cfi=(177)
cfn=(584)
calls=1 81 
0 93321 27535 13482 631 720 230 606 151 177
0 3 0 0 1
cob=(8)
cfi=(211)
cfn=(1306) (below main)
calls=1 0 
0 35650664091 11935679372 7656941711 507 40700909 126491 495 90212 126388

fl=(32)
fn=(94)
98 2283 0 0 1 0 0 1
+33 2283
+1 2283
+2 2283
+1 2283
+21 2283
+1 2283
+1 2102
+1 2102
+1 2028 2028 0 0 65 0 0 31
+1 2028 2028 0 1 20 0 1 11
+1 2028 2028
+1 2028 2028
+17 2028
+1 2028
+1 2028
+1 2028
+1 2028
+1 2028
+1 2028
+5 20
+1 60
+9 20
+1 20
+1 20
+1 20
+1 20
+1 20
+1 20
+1 20
-7 255 0 0 1 0 0 1
+1 255
+1 255
+1 255
+1 255
+1 255
+1 255
+1 255
+1 197
+1 103
+1 103
+1 103
+2 103
+1 103
+1 103
+1 103 103 0 0 4 0 0 1
+1 103
+1 103
-5 94
+1 94
+1 94
+1 94 94 0 0 3 0 0 2
+1 94
+1 94
+10 78 78 0 2 14 0 1 5
+1 78
+1 78
+2 78 78
+6 78
+1 78
+1 78
+1 78
+1 78
+5 78
+2 71
+1 71
+1 142
+8 71 71 0 1 12 0 1 2
+1 71 71
+3 71
+1 71
+1 71
+1 71
+1 71
+1 71
+31 6 0 0 1 0 0 1
+1 6 6
+1 6 6 0 0 1 0 0 1
+1 6
+1 6
+2 6
+1 6
+1 6 0 0 1 0 0 1
+1 6
+1 6
+1 6
+1 6
+1 6 6
+3 6
+1 6
+1 6
+6 6
+1 6
+1 12
+4 6 0 0 1 0 0 1
+1 6
+3 6 6
+1 6 6
+1 6
+2 6
+1 6
+1 6
+4 6
+1 6
+1 6
+1 6
+1 6
+1 6 0 0 1 0 0 1
661 6 0 0 1 0 0 1
+1 6 6
+1 6 6
+1 6
+1 6
+2 6
+1 6
+1 6 0 0 1 0 0 1
+1 6
+1 6
+1 6
+1 6
780 4 0 0 1 0 0 1
+1 4 4
+1 4 4
+1 4
+1 4
+2 4
+1 4
+1 4 0 0 1 0 0 1
+1 4
+1 4
+1 4
+1 4
+1 1 1
+4 1
+1 1
+1 1
+6 1
+1 1
+1 2
+4 1 0 0 1 0 0 1
+1 1
+3 1 1
+1 1 1
+1 1
+2 1
+1 1
+1 1
+4 1
+1 1
+1 1
+1 1
+1 1
+1 1 0 0 1 0 0 1
+69 3 0 0 1 0 0 1
+1 3 3 0 0 1 0 0 1
+1 3 3 0 0 2 0 0 2
+1 3
+1 3
+2 3
+1 3
+1 3 0 0 1 0 0 1
+1 3
+1 3
+1 3
+1 3
+1 2 2
+4 2
+1 2
+1 2
+6 2
+1 2
+1 4
+4 2 0 0 1 0 0 1
+1 2
+3 2 2 0 0 2 0 0 2
+1 2 2
+1 2
+2 2
+1 2
+1 2
+4 2
+1 2
+1 2
+1 2
+1 2
+1 2 0 0 1 0 0 1
+7 1
+1 1
+2 1
+1 1
+2 1 1
+1 1 1
+1 1
+2 1
+1 1
+1 1
+4 1
+1 1
+1 1
+1 1
+1 1 0 0 1 0 0 1
+1 1
+41 7 0 0 1 0 0 1
+1 7 7 0 0 3 0 0 3
+1 7 7 0 0 2 0 0 2
+1 7
+1 7
+2 7
+1 7
+1 7 0 0 1 0 0 1
+1 7
+1 7
+1 7
+1 7
+1 6 6
+4 6
+1 6
+1 6
+6 6
+1 6
+1 12
+4 6 0 0 1 0 0 1
+1 6
-1 1
+1 1
+3 7 7 0 0 2 0 0 2
+1 7 7 0 0 1 0 0 1
+1 7
+2 7
+1 7
+1 7
+4 7
+1 7
+1 7
+1 7
+1 7
+1 7 0 0 1 0 0 1
+7 2
+1 2
+2 2
+1 2
+2 2 2
+1 2 2
+1 2
+2 2
+1 2
+1 2
+4 2
+1 2
+1 2
+1 2
+1 2 0 0 1 0 0 1
+1 2
+7 1
+1 1
+1 1
+32 12 0 0 1 0 0 1
+1 12 12 0 0 1 0 0 1
+1 12 12 0 0 1
+1 12
+1 12
+2 12
+1 12
+1 12 0 0 1 0 0 1
+1 12
+1 12
+1 12
+1 12
+1 5 5
+4 5
+1 5
+1 5
+6 5
+1 5
+1 10
+4 5 0 0 1 0 0 1
+1 5
+3 5 5
+1 5 5 0 0 2 0 0 1
+1 5
+2 5
+1 5
+1 5
+4 5
+1 5
+1 5
+1 5
+1 5
+1 5 0 0 1 0 0 1
+69 15 0 0 2 0 0 2
+1 15 15 0 0 1 0 0 1
+1 15 15 0 0 2 0 0 2
+1 15
+1 15
+2 15
+1 15
+1 15 0 0 2 0 0 2
+1 15
+1 15
+1 15
+1 15
+1 4 4
+4 4
+1 4
+1 4
+6 4
+1 4
+1 8
+4 4 0 0 2 0 0 2
+1 4
+3 4 4 0 0 1 0 0 1
+1 4 4 0 0 1 0 0 1
+1 4
+2 4
+1 4
+1 4
+4 4
+1 4
+1 4
+1 4
+1 4
+1 4 0 0 3 0 0 2
+69 11 0 0 2 0 0 1
+1 11 11 0 0 5 0 0 2
+1 11 11 0 0 2 0 0 1
+1 11
+1 11
+2 11
+1 11
+1 11 0 0 1 0 0 1
+1 11
+1 11
+1 11
+1 11
+1 9 9
+4 9
+1 9
+1 9
+6 9
+1 9
+1 18
+4 9 0 0 3 0 0 1
+1 9
+3 9 9 0 0 2 0 0 1
+1 9 9 0 0 7 0 0 4
+1 9
+2 9
+1 9
+1 9
+4 9
+1 9
+1 9
+1 9
+1 9
+1 9 0 0 2 0 0 2
+69 25 0 0 1 0 0 1
+1 25 25 0 0 2 0 0 2
+1 25 25 0 0 2 0 0 1
+1 25
+1 25
+2 25
+1 25
+1 25 0 0 1 0 0 1
+1 25
+1 25
+1 25
+1 25
+1 7 7
+4 7
+1 7
+1 7
+6 7
+1 7
+1 14
+4 7 0 0 1 0 0 1
+1 7
+3 7 7 0 0 2 0 0 1
+1 7 7 0 0 2 0 0 2
+1 7
+2 7
+1 7
+1 7
+4 7
+1 7
+1 7
+1 7
+1 7
+1 7 0 0 1 0 0 1
+69 35 0 0 2 0 0 1
+1 35 35 0 0 2 0 0 1
+1 35 35 0 0 2 0 0 1
+1 35
+1 35
+2 35
+1 35
+1 35 0 0 2 0 0 1
+1 35
+1 35
+1 35
+1 35
+1 5 5
+4 5
+1 5
+1 5
+6 5
+1 5
+1 10
+4 5 0 0 2 0 0 1
+1 5
+3 5 5 0 0 1 0 0 1
+1 5 5 0 0 2
+1 5
+2 5
+1 5
+1 5
+4 5
+1 5
+1 5
+1 5
+1 5
+1 5 0 0 2 0 0 1
+7 2
+1 2
+2 2
+1 2
+2 2 2
+1 2 2 0 0 1 0 0 1
+1 2
+2 2
+1 2
+1 2
+4 2
+1 2
+1 2
+1 2
+1 2 0 0 1 0 0 1
+1 2
+41 30 0 0 2 0 0 1
+1 30 30 0 0 7 0 0 3
+1 30 30 0 0 3 0 0 2
+1 30
+1 30
+2 30
+1 30
+1 30 0 0 2 0 0 1
+1 30
+1 30
+1 30
+1 30
+1 24 24
+4 24
+1 24
+1 24
+6 24
+1 24
+1 48
+4 24 0 0 2 0 0 1
+1 24
+3 24 24 0 0 1 0 0 1
+1 24 24 0 0 8 0 0 6
+1 24
+2 24
+1 24
+1 24
+4 24
+1 24
+1 24
+1 24
+1 24
+1 24 0 0 2 0 0 1
+7 1
+1 1
+2 1
+1 1
+2 1 1
+1 1 1
+1 1
+2 1
+1 1
+1 1
+4 1
+1 1
+1 1
+1 1
+1 1 0 0 1 0 0 1
+1 1
+41 19 0 0 2 0 0 1
+1 19 19 0 0 3
+1 19 19 0 0 1
+1 19
+1 19
+2 19
+1 19
+1 19 0 0 2 0 0 1
+1 19
+1 19
+1 19
+1 19
+1 8 8
+4 8
+1 8
+1 8
+6 8
+1 8
+1 16
+4 8 0 0 1 0 0 1
+1 8
+3 8 8 0 0 1 0 0 1
+1 8 8 0 0 2 0 0 1
+1 8
+2 8
+1 8
+1 8
+4 8
+1 8
+1 8
+1 8
+1 8
+1 8 0 0 2 0 0 1
+69 24 0 0 1 0 0 1
+1 24 24 0 0 2 0 0 1
+1 24 24 0 0 4 0 0 2
+1 24
+1 24
+2 24
+1 24
+1 24 0 0 1 0 0 1
+1 24
+1 24
+1 24
+1 24
+2 4 4
+4 4
+1 4
+1 4
+6 4
+1 4
+2 8
+4 4 0 0 1 0 0 1
+1 4
+3 4 4 0 0 1 0 0 1
+1 4 4 0 0 2 0 0 2
+1 4
+2 4
+1 4
+1 4
+4 4
+1 4
+1 4
+1 4
+1 4
+1 4 0 0 1 0 0 1
+7 2
+1 2
+2 2
+1 2
+2 2 2
+1 2 2
+1 2
+2 2
+1 2
+1 2
+4 2
+1 2
+1 2
+1 2
+1 2 0 0 1 0 0 1
+1 2
+43 152
+2 152
+1 152
+1 152
+1 152
-3 123 0 0 1 0 0 1
+1 123
+1 123
+1 123
+1 206
+5 103
+6 103 103
+1 103 103
+8 103
+1 103 103
-16 2180 0 0 1 0 0 1
+6 2180 2180
+1 2180 2180
+8 2180
+1 2180 2180

fn=(244) strncmp
98 1
+27 1
+1 1
+1 1
+1 1
+1 1
+2 1
+1 1
+2 1 0 0 1 0 0 1
+1 1
+21 1
+1 1
+1 1
+1 1
+1 1 1
+1 1 1 0 0 1 0 0 1
+1 1 1
+1 1 1
+17 1
+1 1
+1 1
+1 1
+1 1
+1 1
+1 1 0 0 1 0 0 1
2104 1 0 0 1 0 0 1
+3 1
+1 1
+2 1 1
+1 1 1
+8 1
+1 1 1

fl=(24) ./elf/../sysdeps/nptl/dl-tls_init_tp.c
fn=(256) __tls_init_tp
68 2 0 1
fi=(259) ./elf/../include/list.h
-24 1
fe=(24)
+24 3 0 1
fi=(259)
-25 1 1 0 0 1
fe=(24)
+26 1 1
+3 1
fi=(259)
-29 1 0 1 1 0 0 1
+1 1 0 1
+1 1 0 1
+2 1 0 1
fe=(24)
+28 4 0 1
+1 2 0 1
+1 1 0 1 1 0 0 1
+5 2 1 1
+5 1
+6 1
-3 1 0 1
+3 1
-6 3 0 1
+6 1
+12 4 0 1 1 0 0 1
cfi=(11)
cfn=(28)
calls=1 387 
* 24 4 1 0 2 0 0 1
fi=(75) ./elf/../sysdeps/unix/sysv/linux/rseq-internal.h
-73 3 1
+8 1 0 1
fe=(24)
+81 3 2 1 0 1
+7 2 1 1
+1 3 3
fi=(75)
-95 7 0 0 1 0 0 1
+3 2
fe=(24)

fn=(86) rtld_mutex_dummy
42 178
+2 356 178

fn=(68) __tls_pre_init_tp
53 3 0 0 1 0 0 1
+3 8 0 2 1 0 1 1 0 1
+5 1
-5 1
+5 1 0 1
+1 1 0 1 1 0 0 1
-6 1 0 1
+8 1 1

fl=(64)
fn=(206)
61 72 0 24
+7 12 12 0 1 0 0 1
-4 36 36
+1 12 12
-1 84 12 12 0 0 1 0 0 1
cfi=(30) ./elf/./elf/dl-load.c
cfn=(166) _dl_map_object
calls=12 1967 
* 26980 5551 2824 107 182 193 106 182 193
* 12 0 12
+5 36 36

fn=(202) _dl_map_object_deps
143 4 0 1 1 0 0 1
+1 2
-1 1
+1 1
-1 2 0 2
+1 1
-1 1 0 1
+1 1
-1 4 0 3 0 0 1 0 0 1
+1 3 0 0 1 0 0 1
-1 1 0 1
+1 7
-8 1 1 0 1 0 0 1
+8 2
-8 1
-6 1
-2 1 0 1 0 0 1 0 0 1
+16 1
-8 1
-7 1 0 1
+1 1 0 1
+6 1 0 1
+24 4 0 0 1 0 0 1
-28 3 0 1
-2 1
+31 1 1
-33 2 0 1
+2 2
+30 2
-30 1
-1 4 0 1 1 0 0 1
+7 4 1 1
+24 3
+28 3 1 1
-6 1 1
+46 1
fi=(72) ./elf/../include/scratch_buffer.h
77 1
fe=(64)
+87 1 0 1 1 0 0 1
fi=(72)
-87 1 0 1 0 0 1 0 0 1
+1 1 0 1
fe=(64)
184 1 0 1
+44 4 0 4
-31 1 1 0 1 0 0 1
-4 1 0 1
+4 8 6 0 0 1
-4 6 0 6
+4 12
+11 18 9 0 0 1 0 0 1
-18 2
+18 4 2
417 14 0 0 1 0 0 1
+2 5
+3 5
-3 15 0 10
+3 5
-3 5 0 5
fi=(28) ./elf/../include/rtld-malloc.h
56 5 5 5
cfi=(27) ./elf/./elf/dl-minimal-malloc.c
cfn=(78) __minimal_malloc
calls=5 -20 
* 150 35 35
fe=(64)
423 15 10 0 1 0 0 1
fi=(28)
56 5
fe=(64)
423 5
+6 5 0 5 0 0 1 0 0 1
+1 25 0 10
cfi=(29)
cfn=(82)
calls=5 210 
* 63 17 12 0 0 1 0 0 1
+1 25 0 5
cfi=(29)
cfn=(82)
calls=5 210 
* 63 17 12 0 0 2 0 0 2
+3 5 0 5
+1 10 5 5
+4 21 7 0 1 0 0 1
188 12 6
442 18 6
-1 7 7
+1 14
183 6 4
+27 20 15 0 1 0 0 1
+7 5 5
+4 5 5
-6 5 0 5 1 0 0 1
+1 5 0 5 0 0 1 0 0 1
+1 5 0 5
+1 10 5 5
+3 15 5
-2 5 0 5
-29 25 0 15 1 0 0 1
+32 298
+6 48 24 12
cfi=(30)
cfn=(204) _dl_dst_count
calls=12 +10 
* 660 132 84 2 7 2 2 7 2
* 36
+4 24 0 0 1 0 0 1
-2 12 0 12
+2 24 0 12
cfi=(50)
cfn=(160)
calls=12 -28 
* 28036 5839 3148 108 182 197 107 182 197
+1 24 12
+9 12 12
+2 24 12 0 1 0 0 1
+5 25 0 5
+6 5 5
+2 5 0 5
-8 10 0 0 1 0 0 1
+3 5 0 5
+1 5 0 5
+1 5 0 5
+1 5 0 5
+4 5 5
-3 5 0 5
+3 15 0 5
+4 36 12
+1 27 0 9 0 0 1 0 0 1
-43 611 159
+7 24 0 0 1 0 0 1
+38 411 0 0 1 0 0 1
fi=(72)
85 3 1 0 1 0 0 1
fe=(64)
448 5 1 0 1 0 0 1
+1 1 0 1
+3 4 1 1
+11 5 1 2 1 0 0 1
fi=(28)
56 1 1 1
cfi=(27)
cfn=(78)
calls=1 -20 
* 30 7 7
fe=(64)
465 3 2
fi=(28)
56 1
fe=(64)
465 1
+5 2 1 0 1 0 0 1
+1 1 0 1
-1 3 1 1
+4 3
-2 2
+13 6 0 6
+5 6 0 6
-16 18 6
+11 6
-7 6 6
+7 6
-2 12
-5 1 1 0 1 0 0 1
+7 1
-2 2
+2 1
-11 1
+11 1 0 1 0 0 1 0 0 1
+5 1 0 1
-16 3 1
+21 3 1
+37 2 0 0 1 0 0 1
+15 2 0 0 1 0 0 1
-14 2
+20 1 1 0 1 0 0 1
-1 4 0 1
+1 4 1 1
-1 5 1 1 1 0 0 1
cfi=(13)
cfn=(232)
calls=1 298 
* 489 134 86 14 0 0 14
+5 1 0 1
+2 1 1
+1 1 0 1
+1 2 1
-2 1 0 1
+2 1
+7 3 1 0 1 0 0 1
+3 2
+3 8 7
198 46 20 0 1 0 0 1
+3 5
fi=(72)
-70 20 0 10 1 0 0 1
cfi=(71) ./malloc/./malloc/scratch_buffer_set_array_size.c
cfn=(228) __libc_scratch_buffer_set_array_size
calls=5 30 
* 125 30 20 2 0 0 2
fe=(64)
+70 15 5
+4 10 5
547 4 0 3
cfi=(29)
cfn=(82)
calls=1 210 
* 19 5 4 0 0 1 0 0 1
* 3 2
-53 2 0 0 1 0 0 1
144 2 0 1 1 0 1 1 0 1

fl=(9) ./elf/../sysdeps/unix/sysv/linux/dl-sysdep.c
fn=(16) _dl_sysdep_start
102 5 0 2 1 0 0 1
+4 1
-4 1
+1 1 0 1
+3 1 0 1 0 0 1 0 0 1
cfn=(18) _dl_sysdep_parse_arguments
calls=1 -28 
* 480 129 98 7 14 11 7 14 11
+4 2 1 1
cfi=(11)
cfn=(22) __GI___tunables_init
calls=1 261 
* 38602 6857 6 7 69 0 7 69
+3 1 0 1
cfi=(13)
cfn=(26) _dl_sort_maps_init
calls=1 289 
* 38 7 4 4 1 0 4 1
+2 2 0 1
cfi=(14) ./elf/../sysdeps/unix/sysv/linux/brk.c
cfn=(30) brk
calls=1 -79 
* 8 1 1 1 0 1 1 0 1
fi=(6) ./elf/../sysdeps/x86_64/dl-machine.h
220 1 0 1
cfi=(15) ./elf/../sysdeps/x86/dl-get-cpu-features.c
cfn=(34) _dl_x86_init_cpu_features
calls=1 37 
* 7349 809 485 104 19 8 104 19 8
fe=(9)
-98 3 1 0 1 0 0 1
+1 1 0 1
cfi=(22) ./string/../sysdeps/x86_64/multiarch/../multiarch/strlen-sse2.S
cfn=(62) strlen
calls=1 -66 
* 17 2 0 1 1 0 1 1
* 1 0 1
+2 2 0 1
cfi=(23) ./elf/../misc/sbrk.c
cfn=(64) sbrk
calls=1 -88 
* 16 5 3 2 0 0 2
* 3
+12 3 1
+3 5 3 1 1 0 0 1
cfi=(2)
cfn=(66) dl_main
calls=1 1346 
* 1736753 458341 159181 909 10647 2213 899 6829 1531
+3 4 4 0 1 1

fn=(568) _dl_sysdep_start_cleanup
147 1 0 0 1 0 0 1
+1 1 1

fn=(18)
78 1 0 1 1 0 0 1
+2 1
-2 6 0 3
+1 1 1 0 0 1 0 0 1
+1 1 0 1
-1 1 0 1 0 0 1 0 0 1
+2 2
+2 1 1 0 1 0 0 1
-2 1 0 1 0 0 1 0 0 1
+2 2
-1 1
+1 2 1
-1 61
+1 122 61 0 0 8 0 0 8
+7 56 0 52 0 0 7 0 0 7
fi=(10) ./elf/../sysdeps/unix/sysv/linux/dl-parse_auxv.h
-49 1 1
fe=(9)
+45 1
fi=(10)
-54 1
fe=(9)
+54 1 0 1 1 0 1 1 0 1
fi=(10)
-54 1 0 1
+1 1 0 1
+1 1 0 1
+7 3
+1 44
+1 22 22
-2 22 0 0 1 0 0 1
+2 22 0 22
-2 67 23 0 0 5 0 0 5
fe=(9)
+52 3 3
+1 1 1
+1 2 2 0 1 0 0 1
fi=(10)
-49 1 1
+1 1 1
fe=(9)
+46 1
fi=(10)
-45 1 1
+3 1 1
+1 1 1
+1 1 1
+1 1 1
+2 1 1
-5 1 0 1 1 0 0 1
-4 1 0 1
+1 1 0 1
+4 1 0 1 0 0 1 0 0 1
+1 1 0 1
+3 1 0 1
-7 1 0 1
-4 1 0 1
+1 1 0 1
+8 1 0 1 1 0 0 1
fe=(9)
+40 1 0 1
-1 1 0 1
+2 1 0 1
+1 6 5

fl=(186)
fn=(642)
71 73 0 0 1 0 0 1
+5 73 0 73
+3 73
+2 73
+10 73 73 0 0 3 0 0 1
+6 73 0 73 0 0 2 0 0 1
+1 73 0 73
+1 73 0 73 1 0 0 1
+1 73 0 73
+1 73 0 73
+1 73 0 73
+1 73 0 73
+4 73
+1 73
+3 73 0 73 0 0 2
+1 73 0 73
+2 73 0 73
+1 73 0 73
+1 73 0 73 1 0 0 1
+1 73 0 73
+1 73 0 73
+1 73 0 73
+2 73 0 2482 0 0 13 0 0 6
+7 73 73
+1 73 73
+1 73 0 73 0 0 3 0 0 1
cfi=(187) ./elf/./elf/dl-runtime.c
cfn=(644) _dl_fixup
calls=73 -84 
* 58576 16511 5684 35 753 50 16 281 24
+1 73
+5 73
+1 73
+1 73 2628
+2 73 73 0 1 0 0 1
+1 73 73
+1 73 73
+1 73 73
+1 73 73
+1 73 73
+1 73 73
+2 73
+2 73 73
+4 73
+2 73

fl=(57)
fn=(182)
47 26 0 0 1 0 0 1
+3 52
-3 156 0 78 0 0 1 0 0 1
+6 52
+5 156
+2 104 104
-7 55 5 0 1 0 0 1

fl=(20) ./elf/../sysdeps/x86/dl-cacheinfo.h
fn=(52) intel_check_word.constprop.0
123 48 0 0 1 0 0 1
-4 72 0 24
+10 24 0 0 1 0 0 1
-10 96 0 48
+10 48
-10 24 0 24
+10 24
-10 24
+10 24
+2 48
+71 48 24
fi=(21) ./elf/../bits/stdlib-bsearch.h
32 24
fe=(20)
202 120 24 0 1 0 0 1
-71 96
+2 60
+2 120
+8 120 0 0 1 0 0 1
+51 96
+22 48
fi=(21)
28 48
-1 96
+2 216
+2 168
+1 84
fe=(20)
+78 168 84 0 1 2 0 1 2
+3 324
fi=(21)
-78 264
-6 528
+2 480
+1 240
fe=(20)
+78 480 240 0 0 4 0 0 4
+15 12
246 144 120
fi=(21)
37 120 0 0 1 0 0 1
fe=(20)
155 36
+3 36
-6 12
+3 39 0 0 1 0 0 1
+9 18
+23 21
-32 63
+3 63
+4 58
+2 116
+3 84
+1 48
+1 48
+1 30
+2 11 0 0 1 0 0 1
+2 22
+6 14 0 0 1 0 0 1
+3 8
+1 12
-20 15 0 0 1 0 0 1
+12 4
+2 4
+1 4
-2 4
-1 4
+2 8
-2 4 0 0 1 0 0 1
+3 4
-2 12
+2 12
+11 2
-9 12

fn=(50) handle_intel.constprop.0
255 24 12 0 1 0 0 1
-5 12 0 12
+17 12
-17 96 0 60
+11 12 0 12
+1 12 0 12
+5 36 0 12
+4 24
+34 96 84
-29 12 0 0 1 0 0 1
+3 24
-3 12
+3 36 0 12
cfn=(52)
calls=12 123 
* 4092 408 48 6 6 0 6 6
+2 24
+3 60 0 12 1 0 0 1
cfn=(52)
calls=12 123 
* 1272 84 48 5 0 0 5
+2 24

fn=(56) get_common_cache_info.constprop.0
571 11 0 6 1 0 0 1
+17 1 1
+1 1 1 0 1 0 0 1
+9 1 1
-12 1 1
+2 1 0 1
+2 1 1
+8 1 0 1
-11 1 1
+3 1 0 1
+11 2
-5 3 0 1
+17 1
+5 3 1 0 1 0 0 1
+4 2
770 5 1
+1 5 0 1
+4 2 1 0 1 0 0 1
+8 1 1
-1 1 0 1
+1 1 0 1
+1 1 0 1
+1 7 7
627 5 1 0 1 0 0 1
+3 6 0 3
-32 5 2 1 1 0 0 1
+75 4
+8 5
+2 2
-2 1
+6 3 0 0 1 0 0 1
+3 1
+1 5 1
-4 4
+21 2
-21 4
+2 1
+2 4
-4 1
+6 4 0 0 1 0 0 1
+3 2
+5 1
+2 2 0 0 1 0 0 1
+1 1
+1 1
-2 2
+1 1
-19 4
+46 2
+1 1
+1 2
+1 1
+25 3
630 3 0 2 1 0 0 1
+10 6
+14 2
+4 1
+3 1
+1 1
-4 2
+3 3 0 1
+6 4
-37 12
+7 6
-7 3 0 0 1 0 0 1
+7 2
+3 20
+5 2 0 0 1 0 0 1
+4 1
+1 1
-1 2
+1 1
+61 2 0 0 1 0 0 1
+7 1
+2 2
-16 1
+22 1
-6 2
+1 1
+5 1
-30 5 4 0 1 0 0 1

fl=(55)
fn=(178)
30 6 0 0 1 0 0 1
+9 24 0 0 1 0 0 1
+33 6 6

fl=(16) ./elf/../sysdeps/x86/cpu-features.c
fn=(36) init_cpu_features.constprop.0
682 1 0 1 1 0 0 1
+17 1
-17 7 0 5
+3 1 0 1
+1 1 0 1 1 0 0 1
+1 1 0 1
+3 1 0 1 0 0 1 0 0 1
+9 2 0 1
+3 6 0 0 1 0 0 1
1001 3 1 0 1 0 0 1
+1 2 0 1
+3 2
+1 2 0 1
+6 1 0 1
+1 1 0 1
+1 1 0 1
+1 1 0 1 1 0 0 1
fi=(20)
792 1 0 1
+1 1 0 1
+2 1 0 1
+14 2
+85 1 1 0 1 0 0 1
+1 1 1
+15 1
-5 1 0 1
+5 1
-10 1 0 1 0 0 1 0 0 1
-6 1 0 1 0 0 1 0 0 1
+2 1 1
+14 1
-15 1 0 1
+2 1 1 0 1 0 0 1
-1 1 0 1
+2 1 1
-1 1 0 1
+2 1 1
-1 1 0 1
+1 1 0 1
+2 1 0 1
+1 1 0 1
+1 1 0 1 1 0 0 1
+1 1 0 1
+35 2
-15 3 1
+8 2
+27 6 0 0 1 0 0 1
+9 2
+19 2 1
+8 6 0 1 1 0 0 1
cfi=(11)
cfn=(28)
calls=1 387 
* 23 4 1 0 1 0 0 1
* 1 1
+2 2
+3 4 0 1
cfi=(11)
cfn=(28)
calls=1 387 
* 23 4 1 0 1 0 0 1
* 1 1
+2 2
+3 4 0 1 1 0 0 1
cfi=(11)
cfn=(28)
calls=1 387 
* 23 4 1 0 1 0 0 1
* 1 1
+1 5 0 1
+16 2 0 1 1 0 0 1
-12 5 0 2
cfi=(11)
cfn=(28)
calls=1 387 
* 23 4 1 0 1 0 0 1
* 1 1
+1 3 1
+6 3 0 1
+3 1 0 0 1 0 0 1
-3 2 0 1
cfi=(11)
cfn=(28)
calls=1 387 
* 23 4 1 0 1 0 0 1
* 1 1
+3 5 1 1
-3 1 0 1
+3 5 1 4 1 0 0 1
cfi=(11)
cfn=(58) __GI___tunable_set_val
calls=1 153 
* 62 9 6 5 0 0 5
+1 10 2 5 1 0 0 1
cfi=(11)
cfn=(58)
calls=1 153 
* 62 9 6
+1 11 2 5 1 0 0 1
cfi=(11)
cfn=(58)
calls=1 153 
* 62 9 6
+3 10 1 5
cfi=(11)
cfn=(58)
calls=1 153 
* 62 9 6
+2 10 1 5 1 0 0 1
cfi=(11)
cfn=(58)
calls=1 153 
* 62 9 6
+13 1 1
+2 1 1
fe=(16)
-23 1
fi=(20)
+21 1 1
+3 1 1 0 1 0 0 1
fe=(16)
-24 1
fi=(20)
+26 1 0 1
-5 1 1
+2 1 0 1
-2 1
+3 1 0 1
fe=(16)
-24 1
fi=(20)
+25 1 0 1
+3 1 0 1
-1 1 0 1 1 0 0 1
fe=(16)
-27 1 0 1
cfi=(11)
cfn=(28)
calls=1 387 
* 22 3 1 1 1 0 1 1
+3 4 0 1
cfi=(11)
cfn=(28)
calls=1 387 
* 24 4 1 0 1 0 0 1
+6 3 1
+54 1 1 0 1 0 0 1
-1 1 0 1
+1 1
+45 4 0 1
cfi=(11)
cfn=(28)
calls=1 387 
* 22 3 1 0 1 0 0 1
+2 4 0 1
cfi=(11)
cfn=(28)
calls=1 387 
* 22 3 1 0 1 0 0 1
+6 4 0 1
cfi=(11)
cfn=(28)
calls=1 387 
* 24 4 1 0 1 0 0 1
+7 8 7
fi=(20)
974 12 0 0 2 0 0 2
fe=(16)
+68 1 1
-1 2
+1 3 0 0 1 0 0 1
+44 3 1
+27 2 0 1
-10 2 0 0 1 0 0 1
+1 2
+2 3
+1 2 1
+2 3
+1 2
fi=(20)
811 2 0 1 1 0 0 1
cfn=(50)
calls=1 255 
* 455 49 19 13 6 0 13 6
+1 1
-1 1 0 1
+1 1 0 1 1 0 0 1
cfn=(50)
calls=1 255 
* 503 49 19
+1 1
-1 1
+1 1 0 1
cfn=(50)
calls=1 255 
* 530 49 19
+4 1
-4 1 0 1
+1 2 0 2
+3 1 0 1
cfn=(50)
calls=1 255 
* 476 49 19
+2 1
-2 1 0 1
+2 1 0 1
cfn=(50)
calls=1 255 
* 468 49 19 1 0 0 1
+3 1
-3 1 0 1 1 0 0 1
+1 2 1 1
+2 1 0 1
cfn=(50)
calls=1 255 
* 446 49 19
+2 1
-2 1 0 1
+2 1 0 1
cfn=(50)
calls=1 255 
* 447 49 19
+3 1
-2 1 0 1
-1 1 0 1
+3 1 0 1
cfn=(50)
calls=1 255 
* 494 49 19
+2 1 0 0 1 0 0 1
-2 1 0 1
+2 1 0 1
cfn=(50)
calls=1 255 
* 495 49 19
+1 1 1
+2 1
-3 1 0 1
+1 1 0 1
+2 1 0 1
cfn=(50)
calls=1 255 
* 521 49 19
+2 1
-2 1 0 1
+2 1 0 1
cfn=(50)
calls=1 255 
* 522 49 19
+2 1 0 0 1 0 0 1
-2 1
+2 1 0 1
cfn=(50)
calls=1 255 
* 523 49 19
+2 4 1
-2 1 0 1
+2 1 0 1
cfn=(56)
calls=1 571 
* 223 25 21 14 0 0 14
+93 1 1
-6 3 3 0 1 0 0 1
+6 1
-6 2 1 1
+6 2
-6 2 1 1
+6 2 1
-1 2
fe=(16)
708 6 0 1 2 0 0 2
cfn=(38) get_common_indices.constprop.0
calls=1 398 
* 74 10 23 6 0 3 6 0 3
376 3
+1 2
+1 6 0 4
+5 2 0 0 1 0 0 1
713 1 0 1
cfn=(42) update_active.constprop.0
calls=1 72 
* 222 39 42 21 1 2 21 1 2
+2 1 1
+2 1 1
1015 1 1
715 2
878 2 1 0 1 0 0 1
+7 2 1
+2 2 0 1
+4 2
+6 2 1
+2 1 0 0 1 0 0 1
706 2 0 1
-3 1
384 6 0 4 1 0 0 1
+5 2
+1 7 0 4 1 0 0 1
717 1 1 0 1 0 0 1
fi=(20)
987 1 1
-48 1 1
fe=(16)
717 1
fi=(20)
987 2 0 1
fe=(16)
717 6 1 1 1 1 0 1 1
+4 7 1 0 0 1 0 0 1
+78 1 0 1 1 0 0 1
-25 3 2
+92 2
+3 2 0 1
fi=(20)
+38 1 1
fe=(16)
-37 1 0 0 1 0 0 1
-89 2 0 1 1 0 0 1
+51 2

fn=(38)
398 3 0 2 1 0 0 1
+4 4
+3 3 0 1
+5 2
-5 1 0 1
+5 1
-5 1 0 1
+4 1 0 1
+1 1 0 1
+1 4 0 1 1 0 0 1
+1 4 0 1
+1 3 0 1
+1 2 1
+7 2 1
+2 5
+5 1 0 0 1 0 0 1
-5 1 0 1 0 0 1 0 0 1
+5 1
-5 1 0 1
+5 1
-5 2 0 2
+5 1
+7 1 1
-7 4 0 4 1 0 1 1 0 1
+7 1
+1 3
+6 1 1
-6 4 0 4 0 0 1 0 0 1
+6 1
fi=(17) ./elf/../sysdeps/unix/sysv/linux/x86/dl-minsigstacksize.h
24 2 1 0 2 0 0 2
+3 2 1
+1 2 1
+37 3
+7 1
+2 1 0 1
fe=(16)
457 3 3

fn=(42)
72 8 0 6 2 0 0 2
+4 1 1
+10 1 1
+9 1 1
+9 1 1
-19 1
-1 1
+29 1 1
-4 1
-24 1
+9 1
+9 1
+9 1
-28 2 1 0 1 0 0 1
+25 1
-15 1
-9 1
+9 1 1
+9 1
+9 1
-3 1
+7 1
-13 1 1
+9 1 1
+4 2 1 0 1 0 0 1
-22 1 0 1
+22 2 0 2 0 0 1 0 0 1
-13 1 0 1
+6 1 0 1
+3 1 0 1
+5 1 1
+12 1 1
-8 1
-4 1 0 1 1 0 0 1
+7 1 1
-3 4 1 2
+1 1 1
+2 1 0 1
-2 2 0 1
+1 3 1 1 1 0 0 1
+5 1
+2 1 1 0 0 1 0 0 1
-2 4 1 1
+1 1
+1 1
-1 2 1
+1 1 0 1
-1 1 0 1 1 0 0 1
+3 2
+1 4 0 1
+14 2
356 2
+4 3 1 0 1 0 0 1
fi=(18) ./elf/../sysdeps/unix/sysv/linux/x86/dl-hwcap2.h
25 2 1
fi=(19) ./elf/../sysdeps/x86/get-isa-level.h
+5 1
-2 1
+2 3
fe=(16)
369 1 0 1
+1 8 7
151 2 0 1 1 0 0 1
+1 2 0 1
-1 5 0 3 1 0 0 1
+1 2
+2 3
+90 1 1
+1 1 1
-1 2
+17 4 0 0 1 0 0 1
+16 2
+5 1 1 0 1 0 0 1
-1 2 0 1
+4 4 1 1
+4 2
+4 3 0 0 1 0 0 1
+1 2
+3 1
-1 1
+9 1
-5 1
+2 1 0 1
-2 1 0 1
+5 1
+51 1 0 0 1 0 0 1
fi=(19)
31 1 1
fe=(16)
356 2
fi=(19)
32 3
+4 3
fe=(16)
158 4 0 1 1 0 0 1
+3 1
+3 2
+14 1 1
+2 1 1
+10 3 0 1
-12 1 0 0 1 0 0 1
+12 1 0 1
-12 1
+2 2
-2 1 0 1
+2 1
+8 1 1
-8 1 0 1
+6 3
+2 1 1
-2 1 0 1
+2 3 0 1 1 0 0 1
+7 5 0 1
fi=(19)
39 2 0 0 1 0 0 1
+1 4 1 0 1 0 0 1
-2 1
+7 4
+2 1
+1 2
+3 5 1 0 1 0 0 1
+2 4
+1 2
+1 2
+3 1
-1 1
+1 3
fe=(16)
171 1 0 1 1 0 1 1 0 1
-5 2 0 1
+4 1

fl=(27)
fn=(74) __minimal_calloc
80 17 0 0 1 0 0 1
+4 17
-4 68
+7 17
+1 51
fi=(28)
-32 17 17
cfi=(27)
cfn=(78)
calls=17 -20 
* 672 144 139 11 3 3 11 1 3
fe=(27)

fn=(78)
36 360 0 180 2 0 2 2 0 2
+1 135 45 0 0 4 0 0 1
+11 132 44
+3 44
-3 44 0 44
+3 88
-3 2
+3 1
-3 1 0 1
+3 170
+19 45 0 45 1 0 0 1
+1 45 0 45
+2 270 225
-17 12 3
+1 6
+2 3 0 0 1 0 0 1
+1 21 0 3
cfi=(57)
cfn=(182)
calls=3 -13 
* 78 12 9 2 0 0 2
* 3
+2 6
+2 12 0 3
cfi=(58) ./misc/../sysdeps/unix/sysv/linux/setvmaname.c
cfn=(184) __set_vma_name
calls=3 -31 
* 61 15 7 3 0 1 3 0 1
+1 9 3
+2 2
+4 2
-4 4 0 2
-24 1 1 0 1 0 0 1
-1 1
+1 1
+1 2
-2 2 0 1 1 0 0 1
+28 1 1 0 1
-3 2 0 1
+4 2

fn=(142) __minimal_free
97 5 0 0 2 0 0 1
+2 20 10

fl=(14)
fn=(30)
36 1 0 0 1 0 0 1
fi=(260) ./elf/../sysdeps/unix/sysv/linux/brk_call.h
-12 2
fe=(14)
+13 1 0 1 0 0 1 0 0 1
+1 2
+6 1
+1 1 1

fl=(78) ./elf/./elf/dl-lookup.c
fn=(270) _dl_lookup_symbol_x
772 11310 0 7540 1 0 3 1 0 2
+3 1885
-3 5655 0 3770 0 0 1
+3 1885
-3 7540 0 5655 1 0 7 1 0 5
fi=(79) ./elf/../sysdeps/generic/dl-new-hash.h
74 1885 1885 0 0 920 0 0 775
+3 3770
-8 1885
+1 3770
+10 1885 1885 0 0 17 0 0 17
+1 3770
-1 38066 38066 0 0 453 0 0 406
+1 76132
+20 39007
-2 39007
+6 39007
-3 78014
+2 39007 0 0 1 0 0 1
-30 39007 39007 0 0 479 0 0 447
+3 78014
fe=(78)
774 1885
+1 1885
+3 1885 0 1885 0 0 4 0 0 1
-4 1885 0 1885
+1 1885 0 1885
+7 7502 1866
+5 1885 1885
-2 1885 1885
+2 1885 1885 0 0 6 0 0 1
-2 1885 0 0 1 0 0 1
+6 26470 16 5655
+1 26390 13195 13195 1 0 6 1 0 4
cfn=(274) do_lookup_x
calls=1885 347 
* 671370 225529 79932 83 3750 81 65 1246 53
* 5655 0 0 1 0 0 1
+28 1885 1885
-23 5655 3770
+23 1885
-23 3770
+24 11198 1865
+7 1869 1869
-7 1869
+35 7476 1869 0 1 0 0 1
+34 7476 1869
-20 5607 1869 0 0 11 0 0 2
+3 3738 1869
-57 1885 0 1885
+76 16965 13195 0 1 0 0 1
fi=(79)
87 944 0 0 1 0 0 1
+1 944
+1 1888
+1 944
fe=(78)
871 2 0 1 1 0 0 1
-72 96 16 0 1 0 0 1
+18 48 0 0 1 0 0 1
+11 64 0 0 1 0 0 1

fn=(276) check_match
70 28125 3750 11250 1 73 12 1 46 5
+3 11240 3750 0 1 237 0 1 180
+13 1870
-13 1870
+13 1870
-13 1870
+13 5610
+3 4068 164 82
cfi=(32)
cfn=(94)
calls=82 +9 
* 4472 705 0 30 83 0 15 53
* 164
+4 1870 1870 0 1 8 0 1 2
+1 3740
+2 3734
+19 3734 3734 0 0 44 0 0 14
+1 14936 5601 0 1 21 0 1 3
+2 2 1
+43 1868
+1 15000 13125
-18 6
+2 6 6 0 0 3 0 0 1
+1 3
-1 6
+1 9
-1 6
+4 2
+1 7 3 1
+2 3 1 1
-75 4
+39 5598 3732 1866 2 10 1 2 2 1
cfi=(32)
cfn=(94)
calls=1866 -19 
* 49014 13090 0 7 85 0 6 19
* 3732
-44 20
+5 10

fn=(274)
347 16965 0 13195 2 0 5 2 0 3
+1 1885 1885 0 0 4 0 0 1
-1 7540 3770 3770 0 0 5 0 0 3
+6 1885
-6 1885 0 1885
+65 1885
-58 1885 1885
+11 1885 1885
+50 1885 0 1885
-3 3770 0 1885
+3 3770
-50 1885
+50 7540 1885 1885 1 0 0 1
-19 18087 6029 0 0 18 0 0 6
+8 6029 6029 0 0 25 0 0 8
-4 6029 0 6029
+1 6029 0 6029
+3 24116 12058 0 0 23 0 0 6
+1 12058 12058 0 1 9 0 1 4
+3 6029 6029
-3 6029
+4 12058
+4 12058 12058
-2 6029 6029 0 0 604 0 0 154
+5 24116 12058
+3 42203 6029
+99 12483
358 12060 12060 0 1 20 0 1 4
+3 12060
+4 12066 3
+21 12058 6029 0 1 17 0 1 2
+4 12058 6029 0 0 3
+71 14944 11208 0 1 0 0 1
fi=(4) ./elf/../sysdeps/generic/ldsodefs.h
139 3736 1868
+1 5604
fe=(78)
476 3736 0 0 1 0 0 1
fi=(4)
139 2 1
+1 3
fe=(78)
476 2
fi=(80) ./elf/../sysdeps/generic/dl-protected.h
29 7476
fe=(78)
483 9876 1869
+16 3574 1787 1787
+1 1787 0 1787
+22 1787
-21 1787
+21 12591 12509
-21 82
+21 574 574
-99 5733 1911 0 1 0 0 1
-1 3822 3822 0 0 855 0 0 192
+2 3822
+2 1909 1909
+6 7636 1909 3818 1 0 0 1
-6 1909
+6 13363 0 9545 0 0 6 0 0 2
+7 8673
-10 23795 4759 0 1 1490 0 1 473
+2 1875
+1 5625 1875
-1 1875 1875
+1 3750 3750 1875 0 0 2 0 0 1
-1 1875
+1 1875 0 1875
+1 1875
-1 1875 0 1875
+1 1875
-1 13125 5625 5625 1 0 9 1 0 3
cfn=(276)
calls=1875 70 
* 164469 49532 13200 43 564 13 27 320 6
+4 5625
+3 14 7
+31 329 288 0 2 0 0 2
+2 2
+50 16
-1 16
+1 112 112 0 1 0 0 1
222 82 82
+2 82
-2 246 82 164
+2 82
-2 82 0 82
+2 82
-2 82 0 82 1 0 0 1
+2 246 0 82
+2 82
-2 246 82 164 0 2
cfi=(24)
cfn=(86)
calls=82 42 
* 246 82
+2 82 82 0 0 2 0 0 1
+2 82 82
-1 82 82
+1 246 82
+2 162 0 0 1 0 0 1
+1 81
-1 567 0 324
+1 81
-1 162
+1 162
-1 162 0 81
+1 162 0 0 1 0 0 1
-1 1640 127
+24 352
+3 95
+1 285
-23 176 176 0 1 54 0 1 25
-1 352 176
487 3684 1228 0 2 0 0 2
+4 1 0 1 1 0 0 1
fi=(28)
44 4 1 2
cfi=(27)
cfn=(74)
calls=1 +36 
* 41 8 7 0 1
* 1
fe=(78)
302 2 0 0 1 0 0 1
-72 1
+70 2 2
+5 1 0 1
+2 1 1
-7 1
+6 1 0 1
+1 1 0 1
170 12 0 0 1 0 0 1
+1 9 0 0 1 0 0 1
311 6 2
-1 2
+1 486 162
-1 162
+19 246 164 82 1 0 0 1
+2 82 82
-2 328 0 82
+2 82 82 82
cfi=(24)
cfn=(86)
calls=82 42 
* 246 82
+2 164 164
+1 82 0 82
-1 82 0 82
+1 82
176 518 0 0 1 0 0 1
-2 84
+1 252
-3 332 166 0 1 1 0 1 1
+7 82 0 82
+1 82 0 82
+1 82 0 82 0 0 17 0 0 11
+1 82 0 82
318 328 82
-56 1377 648 0 2 0 0 2
+7 10 0 8 1 0 0 1
cfi=(52)
cfn=(524)
calls=2 87 
* 159 14 0 2 4 0 1 2
fi=(28)
44 2
fe=(78)
269 2
fi=(28)
44 4 2 2
cfi=(27)
cfn=(74)
calls=2 +36 
* 82 16 14 0 1
* 2 0 2
fe=(78)
272 4
171 4 2
279 2 2
171 4 0 2
279 296 4 2 1 0 0 1
+1 276 92 0 0 4 0 0 1
+1 140 70 0 1 0 0 1
170 70
281 140 140 0 0 3
170 70
281 70
170 70
+1 70
-1 70
+1 210 70
+1 440
+2 14
+1 42
-3 168 84 0 0 46 0 0 46
+7 70 0 70
+3 70 0 70 0 0 24 0 0 24
-2 70 0 70
+3 70
+76 322 0 0 1 0 0 1
-83 12 2 0 1 0 0 1
285 10 4 4 1 0 0 1
+2 2
-2 10 2 2
cfi=(27)
cfn=(142)
calls=2 97 
* 10 4 0 1
170 2
288 2 2
-2 2 0 2
+3 4 4
-1 2 0 2 1 0 0 1
+1 4 2 2
170 4 2
+1 2 2
-1 2
+1 8 2

fl=(30)
fn=(106) _dl_init_paths
706 11 0 7 2 0 0 2
+14 1
-14 2 0 1
+14 2 0 1
cfi=(37) ./elf/./elf/dl-hwcaps.c
cfn=(108) _dl_important_hwcaps
calls=1 172 
* 1244 255 222 34 1 7 34 1 7
fi=(28)
56 1
fe=(30)
720 1 0 1 0 0 1 0 0 1
fi=(28)
56 1 1 1
cfi=(27)
cfn=(78)
calls=1 -20 
* 30 7 7
fe=(30)
725 1 0 1
+2 3 0 0 1 0 0 1
+8 2 1
-1 3
+5 3
fi=(28)
56 1 1 1
cfi=(27)
cfn=(78)
calls=1 -20 
* 30 7 7
fe=(30)
739 1 0 1 0 0 1 0 0 1
+2 4 2 0 1 0 0 1
+7 1 0 1
+8 1
+2 1
+12 2
-23 1 0 1
+9 1 0 1 1 0 0 1
+11 1 1
-4 1
-5 1 0 1
+3 2 0 1 0 0 1 0 0 1
+7 2 0 1
+2 2
-11 1 0 1
+11 3 0 1 1 0 0 1
-8 1 0 1
+4 1
+1 3 0 1
+1 16 4 4
cfi=(43)
cfn=(130)
calls=4 132 
* 56 4 8 3 0 1 3 0 1
+2 15 3
-14 3
+10 3
+4 9 3 3 1 0 0 1
-12 3
-2 3 0 3
+2 3 0 3 0 0 2 0 0 2
+4 3 3 0 0 1 0 0 1
-3 3 0 3
+3 3 0 3 0 0 1 0 0 1
+1 3
-2 3 0 3
+5 9 3 0 0 1 0 0 1
+1 6 0 0 1 0 0 1
+3 1 0 1
+15 1
-8 1 0 1
+5 1 1
-6 1 0 1
+9 2
+2 4 1 0 1 0 0 1
+2 3 1
+36 5 2 0 1 0 0 1
+2 2 0 1 1 0 0 1
cfi=(22)
cfn=(62)
calls=1 57 
* 35 5 0 2 0 0 2
* 9
-19 1 1 0 1 0 0 1
-2 1 0 1
+2 2
+19 9 1 1 2 0 0 2
cfi=(29)
cfn=(82)
calls=1 210 
* 19 5 4 1 0 0 1
* 1
+5 4 1
-1 2
+2 1
+1 2
-2 4 1 0 1 0 0 1
+1 40
+1 80
-2 160 40
+5 1
fi=(28)
56 1 1 1
cfi=(27)
cfn=(78)
calls=1 -20 
* 30 7 7
fe=(30)
836 1 0 1
fi=(28)
56 1
fe=(30)
838 2
+6 6 1 1
cfn=(132) fillin_rpath.isra.0
calls=1 468 
* 1557 409 144 23 2 4 23 2 4
+3 3 2
+6 1 0 1
+4 8 7
-35 2 0 1 1 0 0 1
+5 2 0 1 1 0 0 1

fn=(132)
468 9 0 6 2 0 0 2
+4 1
-4 8 0 6
+6 3 2 1
cfi=(7) ./elf/./elf/dl-minimal.c
cfn=(134) strsep
calls=1 239 
* 420 130 2 2 1 0 2 1
* 9 6 3
cfi=(7)
cfn=(134)
calls=3 239 
* 268 82 3
* 12 0 0 1 0 0 1
+7 6 3
+2 6 2 2
cfn=(136) expand_dynamic_string_token
calls=2 -98 
* 292 56 42 6 0 2 6 0 2
* 2
+4 4
+5 4 0 2
cfi=(22)
cfn=(62)
calls=2 57 
* 52 7 0 0 1 0 0 1
* 2
+1 4
+7 10 2 0 1 0 0 1
+9 51 17
+1 34 16 1 1 0 0 1
cfi=(42) ./string/../sysdeps/x86_64/multiarch/../multiarch/memcmp-sse2.S
cfn=(122) bcmp
calls=1 59 
* 15 5 0 2 0 0 2
* 2
fi=(28)
50 6 6 3 1 0 0 1
cfi=(27)
cfn=(142)
calls=3 +47 
* 15 6 0 1 0 0 1
+1 3
fe=(30)
509 1 1
-32 1 0 1
+1 1
+31 2
+19 12 3 3 1 0 0 1
+4 12 6
fi=(28)
56 3 3 3
cfi=(27)
cfn=(78)
calls=3 -20 
* 90 21 21
* 3
fe=(30)
534 6 0 0 1 0 0 1
+5 3 3
+1 6
-1 3
-1 3 0 3 0 0 1 0 0 1
+2 3 0 3
cfi=(29)
cfn=(126)
calls=3 197 
* 39 7 4 0 0 1 0 0 1
+3 3 3
-3 3 0 3
+1 3 0 3
+2 3
+6 3
+1 3 3 0 1 0 0 1
-1 9 3
+1 15
+1 3 0 0 1 0 0 1
-1 3
+1 3 0 3
-1 9
+1 3 0 3
-1 6
+1 3 0 3
+2 6 3 3
+1 9 3 0 1 0 0 1
+1 3 0 3
+6 6 3 3
+1 3 0 3
+3 9 0 3
-60 4 0 2 1 0 0 1
-22 4 0 2
+88 1 0 1
+3 8 7
-24 6

fn=(208) open_path
1812 32 0 24 1 0 1 1 0 1
+1 4 4
-1 12 0 12 1 0 2 1 0 2
+1 4 0 4
+6 8
+5 68 8 0 1 0 0 1
+67 8 4 0 1 0 0 1
-74 4 0 4
+7 12 0 8
+57 4
-65 4 0 4
+65 4 0 4
+10 8 0 8 1 0 0 1
-64 8 8
+8 24 4 4
-8 16 16
+8 48 8 8
+7 24 24
-11 12
+12 12
-1 48 12 24 1 0 1 1 0 1
cfi=(29)
cfn=(126)
calls=12 197 
* 156 28 16 1
+1 120 24 24
+50 36
-2 72 0 18
-48 132 48 0 1 0 0 1
+3 72 36
+5 168 96 24 1 0 0 1
cfi=(29)
cfn=(126)
calls=24 197 
* 312 48 24
* 96 48 24
cfi=(29)
cfn=(126)
calls=24 197 
* 312 72 48
+3 48
+6 72 24
+3 168 72 24 1 0 0 1
cfn=(170) open_verify.constprop.0
calls=24 1572 
* 1344 240 288 2 0 3 2 0 3
* 24
+2 72 24
+2 12
+93 36 28 0 1 0 0 1
-88 12 0 0 1 0 0 1
+1 42 18
+6 6 6 0 1 0 0 1
+2 12 6
-2 12 0 6
+2 6 0 6
cfi=(65)
cfn=(210)
calls=6 28 
* 92 6 4 1 0 0 1
* 6
+3 6
-3 12
+1 4 2
+9 16 2 4
+2 2
-2 4 0 4 1 0 0 1
+2 16 12
+44 96 24 12 1 0 2 1 0 2
+6 24 12 12
-2 12 0 12
+2 24 12
+3 12 8
1822 8
+2 8 0 4 1 0 1 1 0 1

fn=(136)
385 27 0 18 1 0 0 1
241 6
385 3
241 3 0 3
cfi=(41) ./string/../sysdeps/x86_64/multiarch/../multiarch/strchr-sse2.S
cfn=(118) index
calls=3 32 
* 120 15 0 2 0 0 2
+3 6
410 3
-11 3
+11 18 18 0 1 0 0 1
-11 3
cfi=(44) ./string/./string/strdup.c
cfn=(138) strdup
calls=3 40 
* 275 56 44 2 0 3 2 0 3

fn=(166)
1967 156 0 117 2 0 5 2 0 5
+8 26
+1 52 13 0 0 1 0 0 1
+3 272 56 26 1 0 0 1
+5 357 102 0 1 0 0 1
+2 153 0 51 0 0 2 0 0 2
cfi=(52)
cfn=(168)
calls=51 68 
* 5263 1202 268 27 1 1 27 1 1
* 102
+4 86 43
+1 129 43
+4 22 22 0 1 0 0 1
-1 110 66
+1 22
+1 22
-1 22
+1 44 0 22
cfi=(32)
cfn=(94)
calls=22 98 
* 600 152
* 44
2270 122 96 0 1 0 0 1
2011 15 5 5
-1 10 5
+9 5 5 0 1 0 0 1
-50 5 0 5
+50 10
+17 10
-2 5 0 5
+2 5 0 5
cfi=(41)
cfn=(118)
calls=5 32 
* 120 15
* 10
2202 2 0 0 1 0 0 1
-1 3 0 1
cfn=(136)
calls=1 385 
* 175 33 23 0 0 1 0 0 1
+6 1
-7 1 0 1
+1 1
+2 2
+4 7 0 2 1 0 0 1
cfn=(170)
calls=1 1572 
* 106 22 15 9 1 2 9 1 2
+3 2 1
-3 1
+3 1
+12 4 1
+45 1 1
+1 5 1 0 1 0 0 1
-1 1 0 1
+1 8 2 5
cfn=(176) _dl_map_object_from_fd
calls=1 944 
* 1940 410 216 72 31 27 70 31 27
-1 4 4
+1 20 4
-1 4 0 4
+1 32 8 20
cfn=(176)
calls=4 944 
* 8862 1696 1300 14 108 175 14 108 175
* 15
2040 8 0 4 1 0 0 1
cfi=(22)
cfn=(62)
calls=4 57 
* 68 8
* 8 0 4 1 0 0 1
+2 8 4
+7 16 4
+51 52 8 16 1 0 0 1
cfn=(208)
calls=4 1812 
* 4048 984 658 19 0 10 18 0 10
+6 4
-6 4
+6 8 0 0 1 0 0 1
2222 16 4
+46 8 4
682 4 4 0 1 0 0 1
2107 4
682 8 0 0 1 0 0 1
+3 2
2135 8 0 4 1 0 0 1
cfi=(67) ./elf/./elf/dl-cache.c
cfn=(214) _dl_load_cache_lookup
calls=4 403 
* 5613 922 243 27 73 4 27 73 4
* 4
+2 8
+4 8
+31 4
-23 8 4
+23 28 0 8 1 0 0 1
cfn=(170)
calls=4 1572 
* 461 92 62 5 1 0 5 1
+4 8 4
-4 4
+4 4
+1 4 0 4
+17 8 4
2074 20 8 0 2 0 0 2
682 4 4
2075 4
682 12
2099 8 4 0 1 0 0 1
+1 8
-47 4 4 0 1 0 0 1
+1 4 0 4
696 20 0 12 1 0 0 1
2058 15 5 0 1 0 0 1
682 5 5 0 1 0 0 1
2059 5
682 10
+3 2
+3 3 1
+3 1 0 1
+1 1
2073 20 16 0 2 0 0 2
+1 8
688 3 1 0 1 0 0 1
2115 3 0 3 1 0 0 1
+14 6 3
+2 12 4
-47 8 0 0 1 0 0 1
691 1 0 1
2115 1 0 1
+14 2 1 0 1 0 0 1

fn=(170)
1572 290 0 174 1 0 1 1 0 1
+32 29 29
-32 58 0 58
+32 58
+19 116 0 29 0 0 2 0 0 2
cfi=(53)
cfn=(172)
calls=29 28 
* 652 58 82 2 0 1 2 0 1
* 29
+2 58 0 0 1 0 0 1
+8 5 0 5
+1 10
+5 5
-5 5 0 5 0 0 1 0 0 1
+5 25 0 5
cfi=(54) ./io/../sysdeps/unix/sysv/linux/read_nocancel.c
cfn=(174) __read_nocancel
calls=5 25 
* 30 5 0 1 0 0 1
+2 10 0 0 1 0 0 1
+2 10 5 5
+2 10
+6 10
+17 65 20 0 2 1 0 2 1
+81 10 5
+5 10 5 0 1 0 0 1
+6 20 5
+6 10 5
+6 5 5 0 0 1 0 0 1
+1 5 5
-1 15
+1 15 0 0 1 0 0 1
+26 261 203
-22 13 0 0 1 0 0 1
+1 2
-1 1 0 0 1 0 0 1
+1 1 0 1
cfi=(70) ./io/../sysdeps/unix/sysv/linux/pread64_nocancel.c
cfn=(226) __pread64_nocancel
calls=1 25 
* 7 1
* 2
1668 9 3 0 2 0 0 2
-59 48 0 0 1 0 0 1
1777 2 0 1 1 0 0 1

fn=(176)
944 50 0 30 1 0 0 1
+15 5 5
-15 10 0 10 1 0 1 1 0 1
+15 5
-15 10 0 10 0 0 1 0 0 1
+15 10 0 5
+77 20 5 5 1 0 0 1
+10 10 5
+7 35 25 5
cfi=(26) ./elf/./elf/dl-object.c
cfn=(72) _dl_new_object
calls=5 59 
* 1914 396 291 14 5 40 13 5 40
* 5 0 0 1 0 0 1
+1 10
+11 5 5
+5 5 5
-4 5 5
-1 5 0 5 0 0 4 0 0 4
+2 5 5
+2 5
-2 5 0 5
+2 10
+1 15 5 0 1 0 0 1
+1 8 0 4
+19 8 4
-2 4 0 4
+2 42 1 0 1 0 0 1
-2 1 0 1
+2 55 0 10 1 0 0 1
+10 5 5
-10 5
+10 15
+27 5 5
-33 5
-3 5
+2 5 0 5
-1 5 0 5
+35 5
+9 5 0 0 1 0 0 1
-50 5 0 5
+41 5 0 5
+9 5
-36 5 5
+63 25 0 20
-62 200 0 0 1 0 0 1
+26 140 60 0 0 4 0 0 4
+8 40 20 0 1 0 0 1
+1 20
-1 20
+1 80
+1 20 20 0 0 2 0 0 2
-1 20 0 20 0 0 3 0 0 3
+1 20
+2 20 20
-2 20
+2 20 0 20
+2 20 20
-4 20
+1 20 0 20
+3 20
-4 20 0 20 1 0 0 1
+4 100
+2 40 0 20 0 0 4 0 0 4
+13 40
+1 75 30 15
+5 15
+1 135 30 15 0 0 2 0 0 2
-28 30
-35 45
+62 5
+1 45 10 5
-28 10
-35 120
+1 307 60 0 2 11 0 2 11
1213 5 5 0 0 2 0 0 2
1100 5
1213 10 5 5 0 0 1 0 0 1
1100 15
1218 35 25 0 1 0 0 1
+10 15
+1 5
-1 5
+1 5 0 5
-1 15 0 0 1 0 0 1
+1 15
-1 15
+1 15 0 15
-1 45
1066 10 0 5
1235 10
+10 20 10
+7 20 10 0 1 0 0 1
fi=(59) ./elf/./dl-map-segments.h
28 5 5
fe=(30)
1252 15 5 5
fi=(59)
28 10
+1 40 15 10 1 0 1 1 0 1
cfi=(57)
cfn=(182)
calls=5 +18 
* 140 25 15 0 0 1 0 0 1
+73 10 5
-1 5 0 5
-72 5
+73 5
+3 10 5
+1 5
+2 5 5 0 1 0 0 1
-3 5 0 5
+1 5 0 5
+2 5
+17 5 0 5 1 0 0 1
-44 5 5
fi=(60) ./elf/./dl-load.h
+10 40 20
fi=(59)
+58 80 40
+6 5 5 0 1 0 0 1
+2 5 5
-2 5
+1 5
+2 10
-1 10
+3 10
+5 10
+3 15 5
+8 30 0 10
cfi=(43)
cfn=(130)
calls=5 -44 
* 763 5 400 1 0 101 1 0 101
* 5 5
+6 10
+12 20 0 0 1 0 0 1
-59 120 20 0 1 0 0 1
+2 60 30
+2 120 60 15
cfi=(57)
cfn=(182)
calls=15 -92 
* 315 60 45
* 30
fe=(30)
1264 5 0 0 1 0 0 1
fi=(56) ./elf/../sysdeps/posix/dl-fileid.h
37 10 0 5 0 0 1 0 0 1
cfi=(55)
cfn=(178)
calls=5 -7 
* 30 5 0 2 0 0 2
* 10
fe=(30)
989 10 5 0 1 0 0 1
fi=(56)
40 15 15
fe=(30)
989 5
fi=(56)
40 5 0 5
fe=(30)
989 80 25
+1 40 20 0 1 0 0 1
fi=(56)
49 60 30 0 0 1 0 0 1
fe=(30)
1519 45 35 0 1 0 0 1
1074 13 0 0 1 0 0 1
+1 2 1
-1 1
+1 1
-1 1 0 1
+1 1 0 1 0 0 1 0 0 1
cfi=(70)
cfn=(226)
calls=1 25 
* 7 1
* 2
+46 2 1 1
+1 1
-15 10 5 0 1 1 0 1 1
+7 5 5
+2 5 5 0 1 0 0 1
-2 5 0 5
+1 5 5 0 0 1 0 0 1
+1 5
-1 10 0 5
+1 40 5 5
+60 9 3 0 1 1 0 1 1
+5 3 3
-1 6
+5 3
-5 6 0 3 0 0 3 0 0 3
-66 3 3
+71 12 0 3 0 0 1 0 0 1
+1 3 3 0 1 0 0 1
+3 3 0 3 0 0 2 0 0 2
-3 3 0 3
+8 12 3
+15 10 5 5 1 0 0 1
+1 5
1008 10 5 0 1 0 0 1
1268 20 10 0 1 0 0 1
+1 15 5 5
fi=(61) ./elf/./elf/get-dynamic-info.h
39 10
+6 5 5 0 0 5 0 0 5
-2 5
+11 5 0 0 1 0 0 1
+1 5
-10 10
+8 6
+15 6 0 6 0 0 2 0 0 2
-23 24 6 0 0 1 0 0 1
+23 132 0 132 0 0 31 0 0 31
-23 528 132 0 0 33 0 0 33
+4 276
+3 37
-1 74 0 0 1 0 0 1
+3 124
+1 104
+1 25 0 0 1 0 0 1
+16 20 5
+12 17 5 2 1 0 0 1
+1 20 5 5
+1 20 5 5
+1 20 5 5
+1 17 5 2 0 3 0 0 3
+1 19 5 4 1 1 0 1 1
+1 19 5 4 0 1 0 0 1
+1 20 5 5
+12 5 5
+7 5 5
-7 35 5 5 1 0 0 1
+7 11
+5 8 4
+7 8 4
+1 15 10 0 1 0 0 1
+6 15 5
+1 6 4
+17 15 5
+5 4 2 2 0 0 1 0 0 1
+2 4
+2 4
+2 4
+4 15 5 0 1 0 0 1
+2 9 3 3 1 0 0 1
+1 6
+9 6 3
+6 6
+4 10 5
fe=(30)
1275 10
+1 10 0 0 1 0 0 1
+2 10
+10 15 5
+19 15 5 5
+2 30 10 0 1 0 0 1
+52 15 5 0 0 2 0 0 2
+1 6 3 3
+6 45 10 0 1 0 0 1
+1 100
+6 20 0 5
cfn=(88) _dl_process_pt_gnu_property
calls=5 868 
* 372 73 14 1 7 0 0 7
-7 125 5
+1 60 60 0 1 50 0 1 50
+6 60
-6 120
fi=(31) ./elf/../sysdeps/x86/dl-prop.h
149 20 10
fe=(30)
1380 10 5 5 1 0 0 1
cfi=(62)
cfn=(194)
calls=5 25 
* 30 5 0 1 0 0 1
* 10
+13 10 5 0 1 0 0 1
+2 20 10 5
+2 10 5
+16 10 0 5
cfi=(8)
cfn=(14)
calls=5 25 
* 135 40 30 0 4 0 0 4
+4 10 5
+1 10 5 0 1 0 0 1
+17 10 5
+1 1 0 1
+3 1 1
+5 1 1
-5 1 0 1
+5 1
-5 4 4
+5 4 4
-5 4 0 4
+5 4
+5 10 5
+12 40 15 0 1 0 0 1
+10 10 5
+1 12 3
+5 6 0 3
cfi=(46) ./elf/../elf/dl-tls.c
cfn=(224) _dl_assign_tls_modid
calls=3 125 
* 36 12 9 2 0 0 2
+7 15 5 5 1 0 0 1
cfi=(26)
cfn=(84) _dl_add_to_namespace_list
calls=5 31 
* 295 70 50 0 0 1 0 0 1
+3 10 5
+4 10 5 5
cfi=(45) ./elf/./elf/dl-debug.c
cfn=(196) _dl_debug_update
calls=5 38 
* 35 10 0 1 0 0 1
* 5
+1 15 5
+22 35 15 0 1 0 0 1
+1 15 5 5 1 0 0 1
cfi=(48)
cfn=(198)
calls=5 77 
* 25 10 0 1 0 0 1
* 5
fi=(60)
92 16 8 0 1 0 0 1
+2 4 4
-1 4 4
+1 4
-1 4
+1 4
-1 4 0 0 1 0 0 1
+1 4
-1 8
+3 16 0 4
fi=(61)
-37 20 0 0 1 0 0 1
+3 20
+2 20
181 6 2 2
-22 4 0 2
fe=(30)
1510 10 0 0 1 0 0 1
1074 2 0 1 1 0 0 1
fi=(59)
186 16 2 2 2 0 0 2
cfi=(57)
cfn=(182)
calls=2 47 
* 42 8 6
+3 4
fe=(30)
1462 12 4 0 1 0 0 1
+2 3 3
-1 15 9
+1 3
-1 3
+1 3
-1 3 0 3
cfi=(32)
cfn=(94)
calls=3 98 
* 75 21 0 0 4 0 0 4
* 6
+2 5 1 1
1275 4 2 0 1 0 0 1

fn=(204)
238 24 0 12 1 0 0 1
+3 12
-3 60 0 48 0 0 1 0 0 1
+7 12
-7 24 0 12 0 0 1 0 0 1
+3 12 0 12
cfi=(41)
cfn=(118)
calls=12 32 
* 384 48 0 0 7 0 0 7
+3 24
+20 108 84 0 1 0 0 1

fn=(88)
868 6 0 0 1 0 0 1
+8 6 6
-8 12
+8 6
-6 6 6
+12 12
-13 6 6
+13 6
-13 6 6
+13 12
+3 18 6 0 1 5 0 1 5
+1 12 6 0 0 1 0 0 1
+1 12 6
+3 18 6
+1 18 0 0 1 0 0 1
+4 6
+1 12
+22 6
+2 6
-2 12
+2 18
-20 18 9 0 1 0 0 1
+1 9 9
+3 18
+3 9
+1 36
fi=(31)
95 36 0 0 2 0 0 1
+7 18
+16 9 9 0 0 2 0 0 2
-3 18
254 12
+1 6 0 6
+2 24 6 6
+3 6
-8 6 0 0 1 0 0 1
+5 3 3
-4 3 0 3
+4 9 0 3
+3 3 3
-2 3 3
fe=(30)

fl=(44)
fn=(138)
40 42 0 21 1 0 0 1
+1 7 0 7
cfi=(22)
cfn=(62)
calls=7 +16 
* 227 32
* 7
fi=(261) ./string/../include/rtld-malloc.h
+15 14 7 7
cfi=(27)
cfn=(78)
calls=7 -20 
* 210 49 49
fe=(44)
-12 14 0 0 1 0 0 1
+3 21
+1 21 21
-1 7
cfi=(29)
cfn=(82)
calls=7 210 
* 101 27 20 0 0 6 0 0 6

fl=(73) ./elf/./elf/dl-version.c
fn=(240) _dl_check_all_versions
392 7 0 5 1 0 0 1
+4 5
-2 1
+4 42 7 7 1 0 0 1
cfn=(242) _dl_check_map_versions
calls=7 155 
* 24023 7187 1528 45 122 74 45 118 73
-2 7 7
+2 21
-1 7
-1 14
+5 7 6

fn=(242)
155 70 0 42
+15 21 7
+2 35 14 0 1 0 0 1
+2 7 7 0 0 1
+1 7 7
+2 14
+3 10 10
-16 10 0 5
+20 5 5 0 0 5 0 0 5
-4 5 0 0 1 0 0 1
-24 5 0 5
+28 35 0 25
+16 10 10 0 1 0 0 1
36 5
200 5
36 35 10
200 14 14
36 7
200 7
36 49 14
+1 53 53
-1 106
+2 195 0 65 1 0 0 1
cfi=(52)
cfn=(168)
calls=65 +30 
* 6517 1411 329 2 0 1 2 0 1
* 142
208 36 12
+5 12 12 0 0 2 0 0 2
fi=(262) ./elf/../sysdeps/generic/_itoa.h
76 36 12 24
fe=(73)
213 24
+4 24 24 0 1 2 0 1 2
+1 24 24
-1 24 0 12
+4 12 12
-3 12 12
+3 12 0 12
-3 36 24
-1 74 74 0 0 11 0 0 11
+1 74 74
-1 74 0 37
+4 37 37
-3 37 37
+3 37 0 37
-3 161 94 0 1 0 0 1
56 196 147
+8 147 49
+6 147 49 0 1 0 0 1
+16 49 49 0 0 1
+1 98
+2 49 49
+5 343 49 147 0 5 0 0 5
+14 1672 836 0 0 12 0 0 12
+12 2361 787 0 1 13 0 1 13
+4 787
-30 1574 787 0 0 28 0 0 28
231 196 49
+3 147 49
+5 37
-24 37
110 49 49 0 1 1 0 1 1
+3 245 98 98 1 0 0 1
cfi=(32)
cfn=(94)
calls=49 -15 
* 1921 373 0 14 23 0 14 23
* 147 49
224 147 98
+1 3 1 1
cfi=(32)
cfn=(94)
calls=1 98 
* 71 9 0 2 1 0 2 1
* 2
+3 26 12 13 1 0 0 1
+15 36 12
+5 7
-50 7
+59 25 15 0 2 0 0 2
+3 10 10
+3 35 10 5
+3 20 5
+4 5
-7 20 5
+3 15 5
+4 124
-7 496 124 0 0 10 0 0 10
+3 377 124 5 0 4 0 0 4
+8 15 5
+6 12 6 6 1 0 0 1
fi=(28)
44 6
fe=(73)
280 12
fi=(28)
44 6 6 6
cfi=(27)
cfn=(74)
calls=6 +36 
* 301 56 48
fe=(73)
281 12 6
-2 6 0 6 0 0 1
fi=(28)
44 6 0 0 1 0 0 1
fe=(73)
281 6
+13 6 6 0 0 1
-3 6 0 6
+3 24 12 6 0 1
+2 12
+3 20 10 0 1 0 0 1
+4 36 12
+7 49
+1 49
-1 147 49
+1 49 0 49 0 0 19 0 0 19
+1 49 49
-2 49 0 49
+2 98 0 49 0 0 2 0 0 2
+1 147 49 49 0 0 1 0 0 1
+3 147 49
+5 37
-15 37 37
+2 37
-2 37
+2 37
-2 37
+2 74
-2 12 12 0 1 0 0 1
+2 12
-2 12
+2 12
-2 12
+2 24
+16 36 12
+5 7 0 0 1 0 0 1
-28 7
+33 10
+3 10 5
+4 129 129
+6 129 129
+1 129 129
+1 129 129
-1 387
+1 129
-1 129 0 129 0 0 33 0 0 33
+1 129 0 129
+1 129 0 129 0 0 17 0 0 17
+3 387 129
+4 129
-14 268 134
+10 15 5
+12 10
+1 10 5 0 1 0 0 1
+1 10 5
+1 4 2
+19 63 56 0 1 0 0 1
164 2 0 2 1 0 0 1
-8 2 0 2
257 5
+17 3 1 0 1 0 0 1
+60 2
-40 2 1
+76 4 3 0 1 0 0 1
+2 4 2
+4 2
-4 120 30
+1 60 0 0 1 0 0 1
+2 1 1
+1 2
-1 1
+1 1 0 1
cfi=(32)
cfn=(244)
calls=1 98 
* 32 7 0 3 1 0 3 1
* 2

fl=(13)
fn=(234) dfs_traversal.part.0
135 108 0 60 2 0 0 2
+10 12 12 0 0 3 0 0 3
-2 12 0 12
+2 24
+2 36 9 0 0 5 0 0 5
-7 62 31
+7 116 29 0 0 1 0 0 1
+9 24 0 0 2 0 0 2
+15 36 12 12
+1 12 0 12
+1 78 72 2 1 0 0 1
cfn=(235) dfs_traversal.part.0'2
calls=2 -38 
* 85 27 16 0 1 0 0 1
-26 10 4
+9 18 6 0 1 0 0 1

fn=(235)
135 18 0 10
+10 2 2
-2 2 0 2
+2 4
+2 8 2 0 0 1 0 0 1
-7 8 4
+7 16 4
+9 4
+15 6 2 2
+1 2 0 2
+1 12 12
-17 3 1

fn=(232)
298 24 0 12 1 0 1 1 0 1
+8 2 2 0 2 1 0 2 1
-8 2 0 2
+8 4
+4 16 14 0 4 0 0 4
-99 2 0 0 2 0 0 2
-28 2
-2 2 0 2
+1 4 2
+29 2
-28 8
+1 2 2 0 2 0 0 2
-1 2
+1 2 0 2
-1 4
+1 12 12
-1 12
+1 12 0 12
-1 24
+28 30 0 2 2 0 0 2
+8 6
-3 2
+2 2 0 2
+1 4
-3 2 0 2
+5 44 0 0 2 0 0 2
+2 14 14
-83 64 14 12
cfn=(234)
calls=12 -5 
* 633 202 114 6 10 0 6 10
+86 40 12
+18 8 2 0 2 0 0 2
+32 8 2 0 2 0 0 2
+7 2 2 0 2 0 0 2
+27 2
-47 6 0 2 2 0 0 2
cfi=(29)
cfn=(82)
calls=2 -53 
* 38 10 8 3 0 0 3
* 2

fn=(26)
289 2 0 1 1 0 0 1
+1 2
-1 2 0 0 1 0 0 1
+1 2 0 1
cfi=(11)
cfn=(28)
calls=1 +97 
* 24 4 1 2 1 0 2 1
+2 3 1
-1 1 0 1
+2 2 2

fl=(25) ./elf/./elf/dl-environ.c
fn=(70) _dl_next_ld_env_entry
28 3 0 0 1 0 0 1
+1 3 3
+3 70 64
+13 60
-13 120
+2 124 62
+1 18 9
+5 2
-3 2
+3 2 0 2
+2 2 2

fl=(71)
fn=(228)
30 65 0 20 1 0 0 1
+4 5
+1 10
+10 10 5
+18 5 0 0 1 0 0 1
-17 5
+17 25 25

fl=(22)
fn=(62)
57 32 0 0 1 0 0 1
+44 32
+1 32
+1 32
+1 32
+1 32
+1 32
+1 32
+2 32
+2 32
+31 31 31 0 0 2 0 0 2
+1 31
+1 31
+1 31
+1 31
+1 14
+2 14 14
+4 17 0 0 1 0 0 1
+1 17 17
+1 17 17
+1 17 17 0 0 1 0 0 1
+1 17
+1 17
+1 17
+1 17
+1 17
+1 17
+1 17
+1 17
+5 136 17 0 1 0 0 1
+4 1
+1 14 4 0 1 0 0 1
+1 6
+15 1
+1 1
+1 2
+51 1 1 0 1 0 0 1
+1 1 1
+1 1 1
+1 1 1
+1 1
+1 1
+1 1
+1 1
+16 1 0 0 1 0 0 1
+2 1
+1 14 4 0 1 0 0 1
+2 1
+1 1
+1 1
+2 1 1

fl=(54)
fn=(174)
25 5 0 0 1 0 0 1
+1 20
+1 5 5

fl=(23)
fn=(64)
37 4 0 2 1 0 0 1
+3 1 1
-3 2 0 1
+21 2
+4 2
+16 5 4 0 1 0 0 1

fl=(63) ./io/../sysdeps/unix/sysv/linux/access.c
fn=(200) access
25 1
+2 7 0 1
+4 1 1

fl=(42)
fn=(122)
59 2 0 0 1 0 0 1
+12 2
+1 2
+22 1
+1 1
+45 1 1 0 1 0 0 1
+1 1 1
+2 1
+1 1
+2 1 1
+1 1 1
+2 1
+1 1
+47 1
+1 1
+1 1
+1 1
+1 1
+1 1 1
+53 1 0 0 1 0 0 1
+2 1 1
+1 1 1
+1 1
+1 1
+1 1
+1 1
+68 1 0 0 1 0 0 1
+1 1 1
+1 1 1
+1 1
+1 1 1

fl=(58)
fn=(184)
33 3 0 0 1 0 0 1
+2 11 5
-2 4 0 2
+7 1
-7 2 0 1
+7 1
-7 2 0 1
+7 1
-7 1 0 0 1 0 0 1
+7 1 0 1 0 0 1 0 0 1
cfi=(11)
cfn=(28)
calls=1 387 
* 24 4 1
* 3 1
+7 1 0 1 1 0 0 1
+2 6 5

fl=(76)
fn=(260) _dl_cet_check
361 8 0 4 1 0 0 1
-76 1 1
-10 2
+2 2 1
-1 1 0 1
+6 1 1
+3 1 0 1
+8 1 0 0 1 0 0 1
-11 1
+1 1
-1 1
+1 1
-1 1 0 1
+1 1 0 1
+10 4 1
+3 1 0 1
+4 2
+2 2
-1 1 0 1
+2 2 0 0 1 0 0 1
+2 2
-1 2 0 1
+4 1 0 1
+2 1 0 1
+3 2
145 2 1
+12 2 1
+16 1 0 0 1 0 0 1
+6 1 0 1
363 6 5

fn=(580)
331 1 0 0 1 0 0 1
+3 2
+16 1 1

fl=(38) ./elf/../sysdeps/x86_64/dl-hwcaps-subdirs.c
fn=(110) _dl_hwcaps_subdirs_active
29 1 0 0 1 0 0 1
fi=(19)
+2 1 1
fe=(38)
+7 1
fi=(19)
-8 4
fe=(38)
+22 1 1
fi=(19)
-20 3 1
+4 1
fe=(38)
+2 1
fi=(19)
-2 2
+3 4 1 0 1 0 0 1
+1 4 1
+5 1
fe=(38)
-7 1
fi=(19)
+7 3
fe=(38)
-2 1
fi=(19)
+5 2
+3 5 1
+2 4 0 0 1 0 0 1
+1 2
+1 2
+3 1
fe=(38)
-10 1
fi=(19)
+10 3
fe=(38)

fl=(67)
fn=(222) _dl_cache_libcmp
357 41 0 0 1 0 0 1
+1 41 41
+32 41 41 0 0 33 0 0 33
-33 41
+1 92 0 0 1 0 0 1
+2 223
+2 223
-2 446
+20 436
+2 436
-12 182 182
+2 182 182 0 0 5 0 0 5
+14 182
+1 182
-29 364
+32 15 5
-28 10 0 0 1 0 0 1
+6 5
+2 5 5
-2 5
+1 5
-1 5
+1 5
-1 5
+2 15
+2 5 5
-3 5
+3 15
+2 10
+9 108 36 0 1 0 0 1

fn=(214)
403 40 0 28 1 0 0 1
+2 8 4
+3 12 4 0 1 0 0 1
+69 9 3
+5 4 4
205 4 4
482 8
+3 12 4 4
fi=(69) ./elf/../sysdeps/x86/dl-procinfo.h
39 8 0 0 1 0 0 1
+3 12 0 4
cfi=(32)
cfn=(94)
calls=4 +56 
* 100 28 0 0 1 0 0 1
* 16 0 4 0 0 1 0 0 1
fe=(67)
208 24 0 8 1 0 0 1
cfi=(11)
cfn=(28)
calls=4 387 
* 92 16 4 0 1 0 0 1
* 4 4
+12 4
-10 4 4
-2 4 0 4 1 0 0 1
+12 8
-7 20 0 4
+9 20
+1 4
-32 8
+36 4 4 0 1 0 0 1
-4 4 4 0 0 1 0 0 1
+4 8
-5 160
+1 32
-32 64
+36 32 32
-4 32 32 0 0 28 0 0 28
+4 64
+4 108 36 36
cfn=(222)
calls=36 357 
* 2794 418 0 4 35 0 4 35
+1 72
346 32
+3 14
220 28
347 18 0 0 1 0 0 1
220 44 4
+2 40 8 12 1 0 0 1
+20 10 5 0 0 1 0 0 1
+3 10
+2 20 0 5
cfn=(222)
calls=5 357 
* 536 79 0 0 3 0 0 3
* 10
+2 1
-9 10
-30 12 8
+1 4 0 0 1 0 0 1
fi=(263) ./elf/../sysdeps/x86/dl-isa-level.h
28 8 4 4
fe=(67)
210 8 0 4
fi=(263)
28 4 4
fe=(67)
210 4 0 4
+1 4
-1 12 0 4
+76 12 0 0 1 0 0 1
fi=(263)
28 12 0 4
fe=(67)
259 8 4
+10 12 8 0 1 0 0 1
+1 16 4 0 0 1 0 0 1
+16 4
fi=(68) ./elf/../sysdeps/generic/dl-cache.h
125 4 4 0 1 0 0 1
fe=(67)
286 12
+9 8 4
+3 8 4
+3 4
+1 12 4 0 1 0 0 1
+28 8 0 4
500 8 4
+12 8 4 4
cfi=(22)
cfn=(62)
calls=4 57 
* 140 20 0 0 1 0 0 1
+1 4
-1 4
+1 48 0 4 1 0 0 1
+1 4
-1 4
+1 4 4 0 1 0 0 1
-1 4
+1 4 0 4
cfi=(29)
cfn=(82)
calls=4 210 
* 60 16 12
* 4
+1 4 0 4
cfi=(44)
cfn=(138)
calls=4 40 
* 396 80 60 0 0 3 0 0 3
+1 32 28
411 4 0 1 1 0 0 1
cfi=(52)
cfn=(216)
calls=1 36 
* 103 15 15 3 0 0 3
* 1
+8 5 1 0 1 0 0 1
+1 8 3 0 1 1 0 1 1
+3 3
+1 1 1
-1 3 0 0 1 0 0 1
fi=(68)
194 1 1
+1 5
fe=(67)
431 1 0 1 1 0 0 1
+1 2 0 1

fn=(572) _dl_unload_cache
525 1 0 0 1 0 0 1
+1 4 1 0 0 1
-1 1 0 1
+3 1 1
-3 1
+3 1 0 1
cfi=(140) ./misc/../sysdeps/unix/syscall-template.S
cfn=(574) munmap
calls=1 117 
* 6 1
+7 1 1 0 1 0 0 1
-6 1 0 1
+4 1 0 1
+2 1 1

fl=(39) ./elf/./elf/dl-hwcaps_split.c
fn=(120) _dl_hwcaps_split
25 5 0 3 1 0 0 1
+1 3 1
+21 1 1 0 1 0 0 1
-20 1
+20 3 3

fn=(114) _dl_hwcaps_split_masked
51 110 0 66 1 0 1 1 0 1
-25 44 11 0 1 0 0 1
+36 5
-7 5
+7 35 35
-26 24
+5 27 0 9
cfi=(41)
cfn=(118)
calls=9 -9 
* 216 27 0 3 0 0 3
* 9
+1 18
+3 6
+11 12 6 6
+1 18 0 6
+1 12
-2 6 3 3
+1 9 0 3
+1 6
-28 24 12 12 1 0 0 1
+4 48 12 0 0 1 0 0 1
+1 12 0 6
-1 30 6 0 1 0 0 1
+24 6 6
+9 12
-5 6 0 0 1 0 0 1
-2 6
+2 42 42
-19 6 0 3 1 0 0 1
cfi=(22)
cfn=(62)
calls=3 +14 
* 51 6
* 6

fl=(41)
fn=(118)
32 29 0 0 1 0 0 1
+1 29
+1 29
+1 29
+1 29 0 0 1 0 0 1
+1 29
+1 29
+1 29
+1 29
+1 29 29 0 0 5 0 0 5
+1 29
+1 29
+1 29
+1 29
+1 29
+1 29
+1 29
+1 29
+1 23
+4 23
+1 23 0 0 1 0 0 1
+1 23 23
+1 23
+2 23 23
+4 6 6 0 0 1 0 0 1
+1 6
+1 6
+1 6
+1 6
+1 6
+1 6 6 0 0 1 0 0 1
+1 6
+1 6
+1 6
+1 6
+1 6 0 0 1 0 0 1
+1 6
+1 6 6
+1 6
+1 6
+1 6
+1 6
+1 6
+1 6
+1 6
+1 6
+1 6
+1 6
+52 6 0 0 1 0 0 1
+4 6
+1 6
+1 6 6
+1 6
+2 6 6

fl=(77) ./elf/./elf/dl-reloc.c
fn=(262) _dl_relocate_object
207 88 0 64 1 0 0 1
+1 16 8
+12 7
+4 28 0 7 1 0 0 1
-4 7
+6 21
+3 7 7 0 0 1
-1 7 7
+1 14
+22 35 14 0 2 0 0 2
+4 8
+7 12 4 0 0 2
fi=(6)
81 20 4
+6 8 6 0 1 2 0 1
+4 6 2 0 0 2 0 0 2
+17 2 2
-11 2 0 2
+11 4
+21 4 2
+5 8 2 0 0 1
-2 4 0 2
fi=(4)
-53 2 2
fe=(77)
301 4 2
fi=(4)
79 4
fe=(77)
301 4
fi=(4)
79 5 5 0 1 0 0 1
fe=(77)
301 10 5 0 0 2
fi=(4)
79 10
fe=(77)
301 9890 47 1070 3 13 197 3 6 195
fi=(4)
79 2 2
fe=(77)
301 2 2
fi=(4)
79 4
fe=(77)
301 298 66 44 3 23 0 3
-80 14
fi=(6)
393 14 0 14 1 0 0 1
fe=(77)
190 7
+31 7 0 7
-31 7 0 7
fi=(6)
393 21 0 7
fi=(5) ./elf/./elf/do-rel.h
49 7 7
fe=(77)
301 7 7
fi=(5)
50 7 7
+30 7 7
-31 14 0 0 1 0 0 1
+4 7 7
-3 7
+3 7
-3 7 0 7
+3 21 7
+27 14
-31 7 7 0 0 1
fe=(77)
301 7 7
fi=(5)
50 7 7
+30 7 7
-31 14
+4 7 7
-3 7
+3 7
-3 7 0 7
+3 21 7
+27 14
-7 2
-1 2
+11 16 0 2 1 0 0 1
fi=(6)
514 2224 1112
+4 2224
+3 3336 1112
+1 1112 0 1112 0 0 139 0 0 139
fi=(5)
83 3336
+2 4448 1112 0 1 418 0 1 418
+11 12 2
fe=(77)
301 42 14 0 1 0 0 1
fi=(5)
51 7 7
fi=(4)
+28 35 21
fi=(6)
730 14
+4 8 4 0 1 2 0 1
fe=(77)
304 35 14
+24 7 0 7
+3 14
+17 21 7 0 0 4
+2 64 56 0 0 1
-98 14 7 0 1 6 0 1
+3 6
+7 3 3
-9 3
+9 6 0 0 1 0 0 1
fi=(6)
81 6
fi=(5)
+33 36 0 0 1 0 0 1
+9 24
+1 4 4 0 0 4 0 0 2
fi=(6)
498 4 4
fi=(5)
124 4
fi=(6)
498 8
fi=(5)
124 1016 1016 0 0 128 0 0 128
fi=(6)
498 1016 1016 0 0 126 0 0 126
fi=(5)
124 1016
fi=(6)
498 2032
+5 2040
+1 1020 1020 0 0 127 0 0 127
fi=(5)
123 1020
fi=(6)
504 1020
-5 1020 0 1020 0 0 278 0 0 272
fi=(5)
123 2040
+3 36 12 0 1 6 0 1
+3 40 20 10 0 3
+2 36 16 0 1 1 0 1
fe=(77)
+59 12
fi=(5)
73 6 0 6
fe=(77)
190 6 0 6 0 0 1
fi=(5)
72 6
fe=(77)
190 54 0 30 1 0 0 1
fi=(5)
-57 12 12 0 0 3 0 0 2
+1 6 6
+1 6 6
-2 6
+2 6 6 0 0 1
+3 6 0 0 1 0 0 1
-5 6
+2 6 0 6
-2 6 6 0 0 6 0 0 3
+1 12
+2 6
-2 6 0 6
+2 18 6 0 0 1
+2 12
-5 7004 7004 0 0 955 0 0 954
+1 3502 3502
+1 3502 3502
-2 3502
+2 3502 3502
+3 3502
-5 3502
+2 3502 0 3502
-2 3502 3502 0 0 982 0 0 240
+1 7004
+2 3502
-2 3502 0 3502
+2 10506 3502
+2 7004
+9 3440 0 3440
fi=(6)
267 6880 0 0 1 0 0 1
+7 6880
+4 6880
fe=(77)
170 13760 3440 0 0 1680 0 0 1337
fi=(4)
-30 10269 3423
fe=(77)
+31 6846 0 0 1 0 0 1
+3 6846 3423 0 0 6
+8 3604
-8 16191
+12 3594 3594 0 1 0 0 1
-3 1797 0 1797
+1 1797 0 1797
+2 7198 3604
-3 5 0 5
+1 5 0 5
+2 1822 10
+1 1802
-1 1802
+2 3604
-1 7208 1802 1802 1 50 0 1
+3 10812 3604 5406 0 0 1
cfi=(78)
cfn=(270)
calls=1802 772 
* 1283467 341383 117816 72 5053 55 68 2681 43
+3 1802 1802
+1 3604 1802
-4 1802
+4 9010 3604 1802 1 0 1 1
fi=(6)
+93 13679 3410
+3 3410 3410
-3 10247 3427 0 0 1
+3 3427
-3 3427 3427 0 0 1 0 0 1
+5 6856
+25 20640 3440 0 1 3 0 1 2
423 8352 5568 2784 0 353 834 0 353 359
fi=(5)
150 8352 2784 0 1 0 0 1
fi=(6)
423 1264 632 632 0 0 255 0 0 80
fi=(5)
150 1945 633
-19 14050 3520
+33 24 12 0 1 1 0 1
+1 72 6 6
+1 252 84 0 1 0 0 1
+3 136 68
+4 68 68
-1 68 68
-3 68 68
+2 136 68
+2 68
-2 136 0 68
fe=(77)
-1 272 68 0 1 1 0 1
fi=(6)
287 68 68 0 1 0 0 1
+3 68
-3 68 68
+4 136
476 136 136 0 1 0 0 1
+2 68 0 68
cfi=(15)
cfn=(550) __x86_cpu_features
calls=1 71 
* 6 2 0 1 1 0 1
cob=(3)
cfi=(162)
cfn=(518)
calls=1 26 
* 8 4 0 2 0 0 2
cob=(3)
cfi=(146)
cfn=(514)
calls=1 27 
* 9 4 0 1 0 0 1
cob=(3)
cfi=(161)
cfn=(510)
calls=1 26 
* 9 4 0 2 0 0 2
cob=(3)
cfi=(160)
cfn=(506)
calls=1 27 
* 9 4 0 1 0 0 1
cob=(3)
cfi=(159)
cfn=(502)
calls=1 26 
* 9 4 0 2 0 0 2
cob=(3)
cfi=(156)
cfn=(498)
calls=1 27 
* 8 4 0 1 0 0 1
cob=(3)
cfi=(158)
cfn=(496)
calls=1 49 
* 6 3 0 2 0 0 2
cob=(3)
cfi=(157)
cfn=(492)
calls=1 26 
* 9 4 0 1 0 0 1
cob=(3)
cfi=(156)
cfn=(488)
calls=1 35 
* 8 4 0 2 0 0 2
cob=(3)
cfi=(155)
cfn=(484)
calls=1 27 
* 9 4 0 2 0 0 2
cob=(3)
cfi=(154)
cfn=(480)
calls=1 26 
* 9 4 0 1 0 0 1
cob=(3)
cfi=(153)
cfn=(476)
calls=1 27 
* 9 4 0 2 0 0 2
cob=(3)
cfi=(151)
cfn=(472)
calls=1 27 
* 8 4 0 2 0 0 2
cob=(3)
cfi=(150)
cfn=(468)
calls=1 30 
* 9 4 0 1 0 0 1
cob=(3)
cfi=(149)
cfn=(464)
calls=1 26 
* 9 4 0 2 0 0 2
cob=(3)
cfi=(148)
cfn=(460)
calls=1 27 
* 9 4 0 1 0 0 1
cob=(3)
cfi=(147)
cfn=(456)
calls=1 27 
* 9 4 0 1 0 0 1
cob=(3)
cfi=(146)
cfn=(452)
calls=1 34 
* 9 4 0 2 0 0 2
cob=(3)
cfi=(145)
cfn=(448)
calls=1 27 
* 9 4 0 2 0 0 2
cob=(3)
cfi=(143)
cfn=(444)
calls=1 27 
* 9 4 0 2 0 0 2
cob=(3)
cfi=(141)
cfn=(440)
calls=1 26 
* 9 4 0 1 0 0 1
cob=(2)
cfi=(139)
cfn=(432)
calls=1 31 
* 21 4 0 2 0 0 2
cob=(2)
cfi=(138)
cfn=(428)
calls=1 33 
* 22 4 0 3 0 0 3
cob=(2)
cfi=(137)
cfn=(424)
calls=1 31 
* 18 4 0 2 0 0 2
cob=(2)
cfi=(136)
cfn=(422)
calls=1 29 
* 7 3 0 2 0 0 2
cob=(2)
cfi=(134)
cfn=(418)
calls=1 29 
* 23 4 0 2 0 0 2
cob=(2)
cfi=(133)
cfn=(414)
calls=1 29 
* 22 4 0 4 0 0 4
cob=(2)
cfi=(132)
cfn=(410)
calls=1 33 
* 17 4 0 1 0 0 1
cob=(2)
cfi=(131)
cfn=(406)
calls=1 29 
* 22 4 0 3 0 0 3
cob=(2)
cfi=(129)
cfn=(402)
calls=1 29 
* 24 5 0 2 0 0 2
cob=(2)
cfi=(128)
cfn=(398)
calls=1 29 
* 19 4 0 2 0 0 2
cob=(2)
cfi=(127)
cfn=(394)
calls=1 29 
* 25 5 0 2 0 0 2
cob=(2)
cfi=(100)
cfn=(390)
calls=1 31 
* 18 4 0 1 0 0 1
cob=(2)
cfi=(126)
cfn=(386)
calls=1 31 
* 21 4 0 2 0 0 2
cob=(2)
cfi=(125)
cfn=(382)
calls=1 29 
* 17 4 0 2 0 0 2
cob=(2)
cfi=(123)
cfn=(378)
calls=2 31 
* 20 8 0 2 0 0 2
cob=(2)
cfi=(121)
cfn=(374)
calls=1 29 
* 24 5 0 3 0 0 3
cob=(2)
cfi=(120)
cfn=(370)
calls=1 31 
* 25 5 0 2 0 0 2
cob=(2)
cfi=(119)
cfn=(366)
calls=1 31 
* 21 4 0 3 0 0 3
cob=(2)
cfi=(117)
cfn=(362)
calls=1 29 
* 17 4 0 2 0 0 2
cob=(2)
cfi=(116)
cfn=(360)
calls=1 60 
* 16 4 0 3 0 0 3
cob=(2)
cfi=(115)
cfn=(358)
calls=1 29 
* 7 3 0 1 0 0 1
cob=(2)
cfi=(113)
cfn=(354)
calls=1 31 
* 21 4 0 3 0 0 3
cob=(2)
cfi=(112)
cfn=(352)
calls=1 67 
* 21 4 0 3 0 0 3
cob=(2)
cfi=(110)
cfn=(348)
calls=2 31 
* 46 8 0 3 0 0 3
cob=(2)
cfi=(108)
cfn=(344)
calls=1 31 
* 19 4 0 2 0 0 2
cob=(2)
cfi=(107)
cfn=(340)
calls=1 30 
* 25 5 0 2 0 0 2
cob=(2)
cfi=(106)
cfn=(336)
calls=1 28 
* 25 5 0 1 0 0 1
cob=(2)
cfi=(104)
cfn=(332)
calls=1 29 
* 24 4 0 2 0 0 2
cob=(2)
cfi=(103)
cfn=(330)
calls=1 65 
* 19 4 0 2 0 0 2
cob=(2)
cfi=(100)
cfn=(324)
calls=2 31 
* 50 10 0 3 0 0 3
cob=(2)
cfi=(98)
cfn=(320)
calls=1 29 
* 22 4 0 4 0 0 4
cob=(2)
cfi=(96)
cfn=(316)
calls=1 31 
* 18 4 0 1 0 0 1
cob=(2)
cfi=(95)
cfn=(312)
calls=1 29 
* 25 5 0 2 0 0 2
cob=(2)
cfi=(94)
cfn=(308)
calls=1 29 
* 22 4 0 3 0 0 3
cob=(2)
cfi=(92)
cfn=(304)
calls=1 29 
* 22 4 0 3 0 0 3
cob=(2)
cfi=(91)
cfn=(300)
calls=1 29 
* 19 4 0 3 0 0 3
cob=(2)
cfi=(89)
cfn=(296)
calls=1 29 
* 24 4 0 2 0 0 2
cob=(2)
cfi=(87)
cfn=(292)
calls=1 30 
* 19 4 0 3 0 0 3
cob=(2)
cfi=(86)
cfn=(290)
calls=1 79 
* 19 4 0 3 0 0 3
cob=(2)
cfi=(85)
cfn=(288)
calls=1 29 
* 7 3 0 2 1 0 2
cob=(2)
cfi=(83)
cfn=(284)
calls=2 31 
* 50 10 0 2 0 0 2
cob=(2)
cfi=(81)
cfn=(280)
calls=1 86 
* 28 9 8 4 2 2 4 0 2
fi=(5)
165 68
fi=(6)
479 68 0 68 0 0 3 0 0 1
fi=(5)
165 145 3
-14 123 41 0 2 1 0 2
fi=(6)
460 3 1 0 1 0 0 1
+5 2 2 0 1 0 0 1
-1 3 1 1
+1 2
-1 1 0 1
cfi=(29)
cfn=(82)
calls=1 210 
* 71 18 17 3 5 5 3 5 5
+2 5 3
+1 2 0 0 1 0 0 1
-67 51 17 0 1 0 0 1
+2 68 17
+4 17 17
+9 17 17
-9 34 17 0 1 3 0 1 3
+9 17 0 17 0 0 5 0 0 5
fi=(5)
150 34 17
fi=(6)
320 41 0 41
+3 41
+29 6 2
+11 2 2
-9 4 4
+9 2 0 2 0 0 1
fi=(5)
150 4 2
fi=(6)
346 8 0 0 1 0 0 1
+1 12 8 4 0 3 3 0 0 2
fi=(5)
150 8 4
fi=(6)
287 85 17 0 1 0 0 1
fi=(5)
141 68 68
+1 68 0 68 1 0 0 1
-1 204 0 68
+2 68
fi=(6)
287 340 68 0 1 0 0 1
fe=(77)
175 14587 1621 0 2 0 0 2
+3 1621 1621
-1 1621 0 1621
+19 1621 1621 0 1 0 0 1
-18 3242 0 1621
fi=(6)
295 2 0 0 1 0 0 1
+1 3 1
+11 2 0 2 1 0 0 1
+7 1 0 1
cob=(2)
cfi=(133)
cfn=(414)
calls=1 29 
* 22 4 0 0 3
* 4 2 0 1 0 0 1
fe=(77)
-13 6 0 4 1 0 0 1
+55 35 21 0 1 0 0 1
+3 7
-3 7
+3 7
+4 14 0 0 1 0 0 1
+1 28 0 7
cfi=(140)
cfn=(436) mprotect
calls=7 117 
* 42 7 0 2 0 0 2
* 14
-63 9 0 3 1 0 0 1
fi=(5)
180 7 3 0 1 0 0 1
fe=(77)
+10 2
fi=(5)
73 1 0 1 1 0 0 1
fe=(77)
190 3 0 2
fi=(6)
436 7 0 4
fi=(5)
182 2 2 0 1 0 0 1
+1 2 2
-1 1
+3 1
-3 4 0 1
+3 2
-3 10 10 0 0 2 0 0 2
+1 10 10
-1 5
+3 5
-3 20 0 5
+3 10
+8 6 0 6
fi=(6)
+74 12 0 0 1 0 0 1
+7 12
+4 12
fe=(77)
170 24 6 0 0 2 0 0 2
fi=(4)
-30 18 6
fe=(77)
+31 12
+3 12 6 0 1 1 0 1
+8 12
-8 54
+12 12 12 0 1 0 0 1
-3 6 0 6
+1 6 0 6
+2 36 12 6
+4 24 6 6
-4 6
+4 18 6 12 1 0 0 1
cfi=(78)
cfn=(270)
calls=6 772 
* 3726 1110 371 0 54 0 0 9
+3 6 6
+1 12 6
-4 6
+4 30 12 6
fi=(6)
+93 21 3
+3 3 3 0 1 0 0 1
-3 9 3
+3 3
-3 3 3
+5 6
+25 36 6 0 0 1 0 0 1
423 6 0 6 1 0 2 1 0 2
fi=(5)
196 18 6
-16 24 6
+31 7 4 0 1 0 0 1
fe=(77)
-33 1619 0 0 1 0 0 1
-3 4857

fl=(2)
fn=(2)
517 16 0 8 2 0 1 2 0 1
85 1
547 4 0 1 0 0 1 0 0 1
85 1
543 1 0 1 0 0 1 0 0 1
fi=(6)
55 1
fe=(2)
+30 1
546 1 0 0 1 0 0 1
85 1 0 1 0 0 1 0 0 1
fi=(3) ./elf/./get-dynamic-info.h
-40 1 1 0 0 1 0 0 1
fe=(2)
546 1 0 1 0 0 1 0 0 1
fi=(3)
45 2
+23 18 0 18 0 0 7 0 0 7
-23 72 18 0 0 4 0 0 4
+4 36
+3 5 0 0 1 0 0 1
-1 10
+3 20
+1 16
+1 5
fi=(4)
+23 1 1 0 1 0 0 1
fi=(3)
+31 1 1 0 0 1 0 0 1
-38 3
+12 4 1 1
+1 3 1
+1 4 1 1 1 0 0 1
+1 4 1 1
+1 5 1 1
+1 3 1 0 1 0 0 1
+1 4 1 1
+1 4 1 1
+12 7 2
+7 2
-51 4 0 0 1 0 0 1
+64 3 2 0 2 0 0 2
+6 3 1
+1 3 2
+3 2 1
+1 3 1
+5 5 2 0 1 0 0 1
+3 5 2
fe=(2)
563 154 6 11 2 1 4 2 1 4
fi=(4)
79 1 1
fe=(2)
563 1 1
fi=(4)
79 2
fe=(2)
563 27 4 5 3 0 1 3 0 1
fi=(6)
287 3 0 1
fi=(5)
49 1 1
fe=(2)
563 1 1
fi=(5)
50 1 1
-1 2
+4 1 1
-3 1
+3 4 1 0 1 0 0 1
+3 2
-7 1 1
fe=(2)
563 1 1
fi=(5)
50 1 1
-1 2
+4 1 1
-3 1
+3 4 1
+3 2
+7 3 3 0 1 1 0 1 1
+2 3 3
-2 6
fi=(6)
278 3
fi=(5)
64 6
fi=(6)
278 6
+9 24 9 0 0 3 0 0 3
+3 6 3
+1 6
+26 8
+6 2 0 2 0 0 1 0 0 1
fi=(5)
61 13 0 0 1 0 0 1
fe=(2)
563 6
fi=(5)
51 1 1
fi=(4)
+28 2 1
fi=(3)
-17 4 0 0 1 0 0 1
+2 4
fe=(2)
565 1 0 1
+13 1 0 1 1 0 1 1 0 1
cfi=(7)
cfn=(12) __rtld_malloc_init_stubs
calls=1 42 
* 10 1 4 2 0 1 2 0 1
458 2 0 1
85 1
476 2
85 3 0 1
476 1 0 1
cfi=(8)
cfn=(14)
calls=1 25 
* 27 8 6 3 1 1 3 1 1
+2 1 1
+16 2 1 0 1 0 0 1
-17 1 0 1
+11 1 0 1
-10 1 0 1 0 0 1 0 0 1
+16 1 0 1
cfi=(9)
cfn=(16)
calls=1 102 
* 1783300 466161 159790 1039 10752 2234 1028 6933 1552
* 1 0 0 1
+2 2 1
+89 9 7 0 1 1 0 1
fi=(3)
103 3 0 1 2 0 0 2
fe=(2)

fn=(154) handle_preload_list
869 11 0 7 2 0 1 2 0 1
+5 1 1
-5 2 0 2 0 0 1 0 0 1
+5 2
-4 3
+7 3 0 1 1 0 0 1
cfi=(49) ./string/../string/strcspn.c
cfn=(156) strcspn
calls=1 32 
* 254 120 21 5 2 4 5 2 4
* 1
+1 3
+9 1
183 1 1
889 2 1
183 2
891 2 1 0 1 0 0 1
-80 1 1
+5 1
-6 1
-4 1 0 1 0 0 1 0 0 1
+10 2
-6 1 0 1
+4 1 1
+2 2 0 0 1 0 0 1
-5 1 0 1
+1 1 0 1
+4 1 0 1
cfi=(50)
cfn=(158)
calls=1 254 
* 2754 588 328 106 35 36 104 35 36
+1 3 1
+8 3 1
+67 1
-18 2 1
+21 9 7
-15 4 0 1 1 0 0 1
cfi=(29)
cfn=(82)
calls=1 210 
* 19 5 4
+1 2 0 1

fn=(246) init_tls
734 1 0 1 1 0 0 1
+6 1 1 0 0 1
-6 3 0 2
+2 2 1 1
+4 2
+11 1
fi=(28)
44 1
fe=(2)
746 1
+4 1
fi=(28)
44 1 1 1
cfi=(27)
cfn=(74)
calls=1 +36 
* 41 8 7
fe=(2)
761 1 1 0 1 1 0 1 1
-12 1 0 1
+6 1
-9 1 0 1 0 0 1 0 0 1
+11 1 0 1
+4 1
+2 3 1
-1 2
+3 14 7 0 1 1 0 1
+4 3
+2 3
-2 6 0 3
-5 3 3
-1 6
+10 3 1
+3 2 0 1
cfi=(46)
cfn=(248) _dl_tls_static_surplus_init
calls=1 97 
* 86 15 10 2 4 0 2 2
+3 1 0 1
cfi=(46)
cfn=(250) _dl_determine_tlsoffset
calls=1 216 
* 147 30 14 6 1 0 6 1
+7 1 0 1
cfi=(46)
cfn=(252) _dl_allocate_tls_storage
calls=1 417 
* 470 34 326 5 0 39 4 0 39
* 1 0 0 1 0 0 1
+1 2
+6 1 1
fi=(74) ./elf/../sysdeps/generic/dl-call_tls_init_tp.h
31 2
fe=(2)
793 1 0 1
fi=(74)
31 6 0 2
+2 1 0 1
cfi=(24)
cfn=(256)
calls=1 +35 
* 79 14 17 4 4 0 4 1
fe=(2)
800 1
-3 1 0 1
+3 4 4
-36 4 4 0 1 0 0 1
-1 9

fn=(164)
641 2 0 1 1 0 0 1
+2 1
-2 4 0 1
+2 1 1
+1 2 2
-1 2
+1 3 0 1
cfi=(30)
cfn=(166)
calls=1 1967 
* 2643 559 293 97 34 34 95 34 34
* 1 0 1
+2 3 3

fn=(66)
1346 2 0 1 1 0 0 1
197 1
1346 11 0 8 1 0 1 1 0 1
199 1 0 1
302 1 0 1
+1 1 0 1
197 1 0 1
+99 3 0 3 1 0 0 1
1357 1 0 1 0 0 1 0 0 1
cfi=(24)
cfn=(68)
calls=1 53 
* 17 1 5 3 0 1 3 0 1
2749 1 1
2538 1 1
2749 2
2598 1 0 1 0 0 1 0 0 1
+2 2
+15 1
-13 2 0 1 1 0 0 1
cfi=(25)
cfn=(70)
calls=1 28 
* 59 21 1 1 0 0 1
* 4 0 2
cfi=(25)
cfn=(70)
calls=2 28 
* 347 119 1
* 9
+4 6 2
-2 2
+2 6
+1 2
-1 6 2
+1 17
-1 89 17
+9 12 2 0 1 2 0 1 2
2727 3 1
1373 1 1
+1 2 1 0 1 0 0 1
-1 2 1 1
+1 2 1
2687 3 1 0 1 0 0 1
-47 2 1 0 1 0 0 1
+10 2 1
1637 9 0 2 1 0 0 1
cfi=(26)
cfn=(72)
calls=1 59 
* 210 31 55 22 4 11 22 4 11
* 1 0 1
+2 2
+1 3 0 1 1 0 0 1
+6 1
-5 2 1 1
+1 3 2 1
+4 1 0 1
cfi=(26)
cfn=(84)
calls=1 31 
* 42 10 9 3 0 0 3
+1 2 1
1116 1 1 0 1 0 0 1
-1 1 1
1351 1
1143 1
-21 2 2 0 0 1 0 0 1
+21 2
-19 1 0 1
+1 1 0 1
-3 1 0 1 0 0 1 0 0 1
+21 2 0 0 1 0 0 1
+57 1 1
-82 1 0 1
+25 1
-3 1
+4 1
+19 1
+37 4
-56 102 22 0 1 6 0 1 6
+56 4 4 0 0 1 0 0 1
-1 4 4
+1 8
-1 4
+2 8 4
+1 1 0 1
+2 12 4
+1 14
+4 8 4 0 0 3 0 0 3
+1 8 4
+1 4 0 4
+4 12
-72 27 0 0 2 0 0 2
1253 2 1
+1 22
+6 4 0 1
cfi=(30)
cfn=(88)
calls=1 868 
* 90 17 4 6 1 0 6 1
-7 26
+1 13 13
+6 13
-6 26
fi=(31)
235 4 4 0 1 0 0 1
+1 2 2
-87 4 2
fe=(2)
1148 1 0 0 1 0 0 1
-5 1
+5 2 1 1
-5 2
+30 1 1
-9 2 2 0 0 1 0 0 1
+2 1 0 1
-3 1 0 1
+10 2 0 0 1 0 0 1
+18 2 0 1
-38 2 2
-10 1
+10 1 0 1
+1 9 2 1 1 0 0 1
-11 2
+1 14
1247 1 1 0 0 1 0 0 1
1143 1 0 0 1 0 0 1
1247 2 1 1
1143 3
1266 4 2 0 0 1 0 0 1
+3 3 2 0 1 0 0 1
+2 3 1
1672 3 1 0 1 0 0 1
+2 2 1
-1 1 1
+1 1 1
+1 3 3
-2 2 0 1
cfi=(32)
cfn=(94)
calls=1 98 
* 25 7 0 3 1 0 3 1
* 2
+7 1 0 1 1 0 1 1 0 1
+3 1 1
-5 1 0 1
+3 1 0 1
+2 1
+1 2 0 1
+4 2 1
+2 2 0 0 1 0 0 1
fi=(3)
39 4 2
+4 1
+2 1 1 0 0 1 0 0 1
+9 1
+1 1
-10 2
+23 28 0 28 0 0 8 0 0 8
-23 112 28 0 0 7 0 0 7
+4 56 0 0 1 0 0 1
+3 6
-1 12
+3 24
+1 20
fe=(2)
1243 1 1 0 1 0 0 1
1143 1
1243 1 0 1 0 0 1 0 0 1
1143 2
fi=(3)
72 4 2
+43 2 1 0 1 0 0 1
+7 3 2
+1 4 3 0 1 0 0 1
+6 3 1
+18 4 2
+5 2 1 1 1 0 1 1 0 1
+2 2
+2 2
+2 2
+1 2 1 1
+3 4 2 0 1 0 0 1
+2 3 1 1
+1 2
+9 2 1
+6 2
+1 3 2 1 1 0 0 1
+3 3 2
fe=(2)
1698 4 2
+7 2 1 1 1 0 0 1
cfi=(8)
cfn=(14)
calls=1 25 
* 27 8 6 0 1 0 0 1
+3 2 1 0 1 0 0 1
fi=(33) ./elf/./setup-vdso.h
24 2 1
fi=(36) ./elf/./dl-main.h
+85 2 2 0 1 0 0 1
fi=(35) ./elf/../sysdeps/unix/sysv/linux/dl-vdso-setup.h
-64 1 0 1
fi=(36)
+64 3 2 1
cfi=(30)
cfn=(106)
calls=1 706 
* 3513 781 457 80 5 18 80 5 18
fe=(2)
1733 3 1 1 1 0 0 1
cfi=(45)
cfn=(144) _dl_debug_initialize
calls=1 56 
* 34 7 5 4 2 0 4 2
+7 1 1
-5 1 0 1
-2 1
+7 1
+4 1 1
+1 1 1
+2 1 0 1
-3 3 0 1
+1 2 1 1 1 0 0 1
+3 1 0 1
+11 1 1 0 0 1 0 0 1
-13 1 0 1
+13 1
+1 2 1
+5 1 1
-3 2 1 0 1 0 0 1
+2 1 0 1
+1 2 0 1
+5 3
+1 5 1 0 0 1 0 0 1
-1 2 0 0 1 0 0 1
224 1 1
+1 1 1
-1 1 1
+1 3 2
+1 2 0 0 1 0 0 1
1788 2 1 0 1 0 0 1
+5 1 1
-1 1
1352 1 0 1
1793 1
+24 1 0 1 1 0 0 1
cfi=(46)
cfn=(146) _dl_count_modids
calls=1 192 
* 6 3 0 1 0 0 1
* 1 0 1
fi=(47) ./elf/../sysdeps/generic/dl-debug.h
29 4 2
+1 1 0 1
fe=(2)
1823 1 0 1
+1 1 0 1
cfi=(45)
cfn=(150) _dl_debug_state
calls=1 116 
* 2 1 0 1 0 0 1
+1 1
+4 3 1 1
cfi=(48)
cfn=(152)
calls=1 29 
* 17 8 5 2 0 0 2
+5 3 2 0 1 0 0 1
+2 1
+2 2 1
+9 2 1
+16 4 0 1
cfi=(63)
cfn=(200)
calls=1 25 
* 9 1 1
* 2 0 0 1 0 0 1
+76 4 2
+16 3 1
85 1
1965 1
85 2
1965 1
85 1
1965 5 2 0 1 0 0 1
85 1 0 1
1965 2 0 1
cfi=(64)
cfn=(202)
calls=1 143 
* 32051 6634 3656 158 191 211 157 190 211
92 1
+9 1 1
1971 1 1
92 2
+9 2 0 1
1971 2 0 0 1 0 0 1
+1 6 2 1
-1 4
+1 12 6 6
-1 24
+4 3 2 1
+1 2 0 0 1 0 0 1
+1 1 0 1
+2 26 1
+1 12 6
+46 1 1
-42 2 0 0 1 0 0 1
+8 3 1 1
+1 2
+2 1
+2 3
+2 1 1
-4 1 0 1
+5 1 1
-1 2 0 0 1 0 0 1
+14 2
+1 2 1 1
+1 3 1
-25 1 0 1 1 0 0 1
+36 2
+2 1
-2 1
+2 2
-2 1 0 1
+1 2
+1 1
-1 2 0 1
+1 1 0 1 1 0 0 1
cfi=(50)
cfn=(236)
calls=1 186 
* 24171 7220 1551 51 122 74 51 118 73
+10 1 1
+1 1 1
-1 1 0 1
+1 1
+3 2
837 1 1
fi=(264) ./elf/../sysdeps/unix/sysv/linux/dl-osinfo.h
39 2 1
fe=(2)
839 1 0 1
fi=(264)
52 1 1
fe=(2)
848 1 0 1 1 0 0 1
+7 1 0 1
-5 1 0 1
2047 3 1
2246 2 1
+4 1 1
-4 1 0 1
+10 1 1 0 1 0 0 1
-6 1 0 1
+6 1 0 1
-6 1 0 1
+9 2 1
+8 2 2
fi=(31)
36 2 2
+1 3 0 0 1 0 0 1
+3 3 3
+13 9 1
-13 6 6
+9 12 6
-9 1 1
+9 28 7 0 1 0 0 1
+4 24 6
-16 21
+34 1 1
fe=(2)
2279 1
fi=(31)
71 1 0 1
cfi=(76)
cfn=(260)
calls=1 361 
* 55 11 14 4 0 0 4
fe=(2)
2282 1 1
-3 2 1 0 1 0 0 1
+5 1 1
-2 2 0 1
+2 2
+1 6 1 1
cfi=(77)
cfn=(262)
calls=1 207 
* 76521 20168 7993 189 551 226 189 530 225
85 2
2292 1 1 0 0 1
85 2 0 0 1 0 0 1
2292 1 1
+1 20 2 1 0 1
+2 14 14 0 1 3 0 1
+5 14 14 0 0 7
+2 14
+6 7 0 7
+2 14
+1 48 12 6 0 5
cfi=(77)
cfn=(262)
calls=6 207 
* 1586288 419952 143667 89 9475 1553 85 5874 880
+4 20 10 0 1 5 0 1
+1 6
-23 3
+23 3 0 3
cfi=(46)
cfn=(438) _dl_add_to_slotinfo
calls=3 1017 
* 84 30 21 3 3 0 3
-23 7 1 0 0 1
92 3 0 0 1 0 0 1
+1 1
2325 1 1
93 1 0 1 0 0 1
2325 1
+4 4 2 0 0 1
+2 1 0 1 0 0 1
+7 4 1 1 1 0 0 1
cfi=(46)
cfn=(528) _dl_allocate_tls_init
calls=1 523 
* 306 71 42 7 10 4 6 0 4
+3 2 1
+4 3 2 0 1 1 0 1
+2 2 1
+33 3 1 1
cfi=(169)
cfn=(552)
calls=1 27 
* 603 131 56 17 33 5 17 12 5
+7 1 0 1
cfi=(9)
cfn=(568)
calls=1 147 
* 2 1 0 1 0 0 1
+3 3 0 1
cfi=(48)
cfn=(570)
calls=1 41 
* 11 3 0 2 0 0 2
+4 2 0 1
cfi=(45)
cfn=(196)
calls=1 38 
* 7 2 0 1 1
+1 1 0 1 0 0 1
-1 1
+2 1 0 1
cfi=(45)
cfn=(150)
calls=1 116 
* 2 1
+1 1
+4 1 0 1
cfi=(67)
cfn=(572)
calls=1 525 
* 19 5 4 2 1 0 2
+5 8 7 0 0 1
2304 1 0 1 1 0 0 1
+1 1 1
-3 2
226 2
-2 1 1
+1 1
1773 1 1 0 1 1 0 1 1
+6 1 1 0 0 1 0 0 1
-6 2 1 1 1 0 1 1 0 1
+6 1
fi=(3)
56 5 0 0 1 0 0 1
+3 4
fi=(34) ./elf/../sysdeps/unix/sysv/linux/dl-vdso.h
-19 2 1 0 1 0 0 1
+1 5 0 2
fi=(35)
-11 1 0 1
+3 1 0 1 1 0 0 1
+3 1 0 1
+3 1 0 1
fi=(34)
+16 2
fi=(3)
+17 3 2 0 1 0 0 1
+12 3 1
+1 5 2 1 1 0 0 1
+1 5 2 1
+1 5 2 1
+1 4 2
+1 5 2 1 1 0 0 1
+1 5 2 1
+1 5 2 1 1 0 0 1
+12 2 2
+7 1 1
-7 7 1 1
+7 2
fe=(2)
1743 4 2 1 1 0 0 1
2357 1 0 1 1 0 0 1
cfi=(163) ./elf/./elf/dl-find_object.c
cfn=(530) _dl_find_object_init
calls=1 561 
* 1041 250 78 16 76 5 16 9 4
+5 3 1 1
cfi=(7)
cfn=(538) __rtld_malloc_init_real
calls=1 76 
* 3003 883 351 10 34 0 10 5
+3 1 0 1
cfi=(167)
cfn=(546)
calls=1 30 
* 503 115 36 10 10 0 10 7
85 1
2371 1 0 1
+1 3 2 0 1 0 0 1
85 3
2372 2 0 1
cfi=(77)
cfn=(262)
calls=1 207 
* 1871 587 207 1 23 3 1
92 3
+9 3 0 1
2687 2 1 0 1 0 0 1
+2 1
+1 1
-1 1 0 1
+1 1 0 1
+1 1
2040 2 0 1 1 0 0 1
cfn=(246)
calls=1 734 
* 923 126 393 22 12 40 21 5 40
* 2 0 1
2650 2 1 0 1 0 0 1
+2 2 0 1
+1 1
fi=(3)
62 4 0 0 1 0 0 1
+2 4
fe=(2)
1943 10 0 0 1 0 0 1
85 1 0 0 1 0 0 1
1842 2 2 0 1 0 0 1
85 3
1842 2 0 1
cfn=(154)
calls=1 869 
* 3098 729 370 117 37 43 115 37 43
* 1
92 3
+9 3 0 1
1943 6 0 1 1 0 0 1
+1 1
-1 1
+4 3 0 1
+1 1 1 0 1 0 0 1
+1 2
+1 2
-7 2

fn=(238)
674 2 0 1 1 0 0 1
+2 1
-2 4 0 1 1 0 0 1
+2 3 2 1
cfi=(73)
cfn=(240)
calls=1 392 
* 24134 7207 1540 47 122 74 47 118 73
* 2
+4 3 3

fl=(250)
fn=(1816)
29 2 0 0 1 0 0 1
+1 2 2
+1 2 2 0 0 1 0 0 1
+2 2 2 0 0 1 0 0 1
+1 2
+1 2 2 0 0 1 0 0 1
+3 2
+1 2 2 0 1 0 0 1
+4 2
+1 2
+1 2 2
+1 2 2

fl=(163)
fn=(534) _dlfo_process_initial
474 2 0 2
+3 2
-3 6 0 2
+1 2 2
+3 4 2 0 1 0 0 1
+26 14 2 0 0 1
+1 6 2
+1 14 14 0 0 1
-1 28
+3 52 12 0 1 0 0 1
+3 48 12
-7 10 2 0 1 0 0 1
+27 2
-2 2 0 2
+2 6 6
-18 36 12 0 1 1 0 1 1
+3 12
-1 12 0 6
cfi=(164) ./elf/./dl-find_object.h
cfn=(532) _dl_find_object_from_map
calls=6 95 
* 373 101 24 0 60 4 0 8 4
+2 24

fn=(536) _dlfo_sort_mappings
536 1 0 0 1 0 0 1
+1 2
+3 4 0 0 1 0 0 1
+4 1
+1 1
-1 1 1
+1 2
-1 4
+1 4
-1 4 4
+1 18
+1 75 15
+3 5
-1 5
-3 45 0 0 1 0 0 1
+8 15 5
+1 10 5
-1 5 5
-13 10 5
+14 15 5 10
+1 10 0 10
-15 10
+17 1 1

fn=(530)
561 2 0 1 1 0 0 1
+3 1 1 0 0 1
-3 3 0 2
+5 2 1
+13 1 0 1 1 0 0 1
cfn=(534)
calls=1 474 
* 129 33 3 4 3 0 4 1
+1 1 1
-1 1
+1 1
fi=(28)
56 1 1 1
cfi=(27)
cfn=(78)
calls=1 -20 
* 30 7 7 0 1
fe=(163)
580 1 0 1
fi=(28)
56 1
fe=(163)
582 2
+3 2
+5 1 0 1 1 0 0 1
+1 1 0 1
cfn=(534)
calls=1 474 
* 526 134 33 0 60 4 0 8 4
+3 3 1
+10 4 4
-37 2 0 1 1 0 0 1
cfi=(164)
cfn=(532)
calls=1 95 
* 68 18 4 3 11 1 3
* 1
+29 2 0 1 1 0 0 1
cfn=(536)
calls=1 -60 
* 248 46 20 3 0 0 3
+3 6 3 1 1 0 0 1
+2 1

fl=(49)
fn=(156)
32 6 0 2 1 0 0 1
+1 3 1 0 0 1 0 0 1
+1 2 1
+5 6 0 4 0 0 2 0 0 2
+1 4 0 4 1 0 1 1 0 1
+1 4 0 4 0 0 1 0 0 1
+1 4 0 4
+2 1
+3 3 1 1 1 0 0 1
+1 2
-1 6 2 2
+1 4
+3 4 2
+1 4 2
+1 4 2 0 1 0 0 1
+1 4 2
+2 3
+6 1 1
-1 1
+1 1 1
+2 2 2
-1 2 2 0 1 0 0 1
+2 1 1
+2 6 1
-5 12 12 0 0 1 0 0 1
-1 12
+1 12 12
+2 24 24
-1 24 24
+2 12 12
+2 72 12
+2 1
+1 3
+1 2 2
-1 1
+1 1 1

fl=(245)
fn=(1698)
24 56 0 28 1 0 0 1
+4 14 7
+6 7 7 0 0 7 0 0 7
-2 7 0 7 1 0 0 1
+3 14
+3 5 5 0 0 5 0 0 5
+1 5 5 0 0 2 0 0 2
-1 5 5
+1 10 5 0 0 1 0 0 1
+3 20
+1 5 5 5 0 5 0 0 5
cob=(3)
cfi=(183)
cfn=(1872)
calls=1 -43 
* 152 37 17 5 2 0 5 2
cob=(6)
cfi=(184)
cfn=(1842) 0x0000000000004940
calls=1 -43 
* 42 14 12 3 1 0 3 1
cob=(7)
cfi=(185)
cfn=(1744)
calls=1 -43 
* 8145 2824 1358 59 179 22 59 168 22
cob=(5)
cfi=(178)
cfn=(1726)
calls=1 -43 
* 152 37 17 5 2 0 5 2
cob=(8)
cfi=(211)
cfn=(1700) 0x00000000000012c0
calls=1 -43 
* 152 37 17 10 10 1 10 8 1
* 1 1 1
cob=(6)
cfi=(184)
cfn=(1854) 0x0000000000005ad0
calls=1 -43 
* 152 37 17 5 2 0 5 2
-1 24
+5 7 7 0 1 5 0 1 5
+1 14
+1 10 10 0 0 3 0 0 3
+1 25 20
-1 5
cob=(4)
cfi=(175)
cfn=(1888)
calls=1 -49 
* 4 1 0 1 0 0 1
cob=(4)
cfi=(175)
cfn=(1870)
calls=1 -49 
* 4 1 0 1 0 0 1
cob=(4)
cfi=(175)
cfn=(1840)
calls=1 -49 
* 4 1 0 1 0 0 1
cob=(4)
cfi=(175)
cfn=(1742)
calls=1 -49 
* 4 1 0 1 0 0 1
cob=(4)
cfi=(175)
cfn=(1722)
calls=1 -49 
* 4 1 0 1 0 0 1
+1 12 10

fl=(7)
fn=(542) lookup_malloc_symbol
61 8 0 4 1 0 0 1
+3 4
-3 12 0 8
+3 4
-3 12 0 4
+3 4
-3 4
+2 4 0 4
+1 16 4 12
cfi=(78)
cfn=(270)
calls=4 772 
* 2720 814 297 4 33 0 4 4
+4 28 16 0 1 0 0 1
+1 28 12
+2 4 0 4
fi=(166) ./elf/./dl-sym-post.h
-30 8
+12 12 4
fe=(7)
+19 24 20

fn=(538)
76 2 0 1 1 0 0 1
+10 1
fi=(165) ./elf/../sysdeps/generic/dl-hash.h
-41 1
-1 1
fe=(7)
+32 8 0 5
+11 1 0 1
-1 1 0 1 1 0 0 1
fi=(165)
-43 1
+5 3
+14 4
-17 3 1 0 0 1 0 0 1
+3 15
+14 20
-17 15 5
fe=(7)
+46 2
fi=(165)
-24 1
fe=(7)
+22 1 0 1
+2 2 0 0 1 0 0 1
fi=(165)
-19 1 0 1
fe=(7)
+19 1 0 1
cfn=(542)
calls=1 -30 
* 696 218 85 6 9 0 6 2
+1 3
-1 1
+1 1 0 1
cfn=(542)
calls=1 -31 
* 733 221 85 0 7
+1 3
-1 1
+1 1 0 1
cfn=(542)
calls=1 -32 
* 794 226 85 0 10 0 0 2
+1 3 0 0 1 0 0 1
-1 1
+1 1 0 1
cfn=(542)
calls=1 -33 
* 669 205 78 0 7
+5 1 0 1
+1 1 0 1
+1 1 0 1
+1 1 0 1
+1 8 7

fn=(12)
42 1 0 0 1 0 0 1
+1 2 0 1 1 0 1 1 0 1
+1 2 0 1
+1 2 0 1
+1 2 0 1
+1 1 1

fn=(134)
239 4 0 0 1 0 0 1
+3 8 4 0 0 1 0 0 1
+2 4 4
+1 8
+4 9 3
-2 6
+4 82
+5 234 78
-2 160 80
+6 4 0 2
+7 2 0 2
+4 4 2
-4 1 0 1
+4 4 2
-22 39 39 0 1 0 0 1
+15 39
-15 80

fl=(37)
fn=(108)
172 6 0 3 1 0 0 1
+3 1
-3 3 0 2
+3 1
-3 5 0 4 1 0 2 1 0 2
+2 1 0 1
cfi=(38)
cfn=(110)
calls=1 29 
* 49 6 0 3 0 0 3
+1 1
fi=(40) ./elf/./dl-hwcaps.h
43 1 0 1
fe=(37)
174 1 0 1
fi=(40)
45 2 0 1
+32 1 0 1
+1 1 0 1
+1 1
fe=(37)
-27 2 0 1 1 0 0 1
cfi=(39)
cfn=(114)
calls=1 -1 
* 23 8 6 2 0 1 2 0 1
* 2
fi=(40)
-9 1
+2 1 0 1
-2 1 0 1
+34 2 1 1
+1 2 1 1
+1 1 0 0 1 0 0 1
fe=(37)
-24 2 2
-1 2
+1 2
+1 2
+1 2
-5 4 0 2
cfi=(39)
cfn=(114)
calls=2 -1 
* 130 28 19 1 0 0 1
* 2 0 1
cfi=(39)
cfn=(114)
calls=1 -1 
* 125 22 15 6 1 0 6 1
* 6
+48 4 0 2
fi=(28)
-44 2 1 1
cfi=(27)
cfn=(78)
calls=1 -20 
* 30 7 7
fe=(37)
+46 2 1 0 1 0 0 1
-2 1 0 1 0 0 1 0 0 1
+2 1
+3 1 0 1
+3 1
fi=(40)
-65 1 0 1
+2 1 0 1
fe=(37)
+67 1 0 1
fi=(40)
-66 1
fe=(37)
+66 2 0 1 1 0 0 1
cfi=(39)
cfn=(120)
calls=1 -87 
* 13 5 3 2 0 0 2
* 2
fi=(40)
-69 1
+2 1 0 1
-2 1 0 1
+34 2 1 1
+1 2 1 1 1 0 0 1
+1 1
fe=(37)
+48 10 4 2 0 0 1 0 0 1
+1 4 2 2
+1 2
+1 2
-1 2 0 2
-4 4 0 2
cfi=(39)
cfn=(114)
calls=2 -74 
* 130 28 19
* 2 0 1
cfi=(39)
cfn=(114)
calls=1 -74 
* 125 22 15
* 6
+8 3 1 0 1 0 0 1
+9 5 1 1
+3 8 1 5 1 0 0 1
-2 6 0 1
+14 1
+4 1 1
+1 1 1
+1 1 0 1
-20 3
+19 1 0 1
+1 1 0 1
-20 2
+8 2 2 0 1 0 0 1
+4 2 2
-4 3
+4 2 0 1 1 0 0 1
cfi=(42)
cfn=(122)
calls=1 -96 
* 19 5 0 2 0 0 2
+1 3 1
-14 8 6
+47 1 1
-4 2 0 1 1 0 0 1
+4 2 0 1 0 0 1 0 0 1
-3 1
+7 1 1
-7 2
+7 1
fi=(28)
56 1 1 1
cfi=(27)
cfn=(78)
calls=1 -20 
* 30 7 7
* 1
fe=(37)
194 2
+8 1 1
fi=(40)
43 1 0 1 1 0 0 1
fe=(37)
201 1
80 1
fi=(40)
-35 1 0 1
fe=(37)
+35 1
202 1 1
fi=(40)
77 1 0 1
+1 1 0 1
fe=(37)
202 3 0 1
fi=(40)
79 1 0 0 1 0 0 1
fe=(37)
-2 2 0 1 1 0 0 1
cfi=(39)
cfn=(114)
calls=1 -26 
* 23 8 6
* 2
fi=(40)
-34 1
+2 1 0 1
fe=(37)
+35 2
fi=(40)
-37 1 0 1
+34 2 1 1
+1 2 1 1
+1 3 0 2
fe=(37)
+1 4 2
+7 2
-7 8 2 6 0 0 1 0 0 1
cfi=(29)
cfn=(126)
calls=2 197 
* 26 6 4 1 0 0 1
+4 2 0 2
+2 2 2
+2 2
-2 4 0 2
-9 4 0 2
cfi=(39)
cfn=(114)
calls=2 -26 
* 130 28 19
* 2 0 1 1 0 0 1
cfi=(39)
cfn=(114)
calls=1 -26 
* 125 22 15
* 6
213 2 2 0 1 0 0 1
-5 1 0 1
+1 1 0 1
-1 1 1
+5 1 0 1
+3 9 7

fl=(45)
fn=(196)
38 6
+3 6
-1 12
+4 12 6 0 2 1 0 1
+4 6 6

fn=(144)
56 3 0 0 1 0 0 1
+3 2
+4 1 1 0 0 1 0 0 1
+22 1 1
+10 1 1
-32 2
+1 1 0 1
+21 2
+5 2 1 0 1 1 0 1 1
+1 1
+4 1 1
-4 1 0 1
-1 1 0 1
+2 1 0 1
+3 1
+4 2
+8 2 1
-50 1 0 0 1 0 0 1
+4 2
+35 6 1 1 1 0 0 1

fn=(150)
116 2 0 0 1 0 0 1
+1 2 2

fl=(26)
fn=(72)
59 90 0 60 1 0 3 1 0 3
+3 12
+18 10 5
+3 5 0 5
cfi=(22)
cfn=(62)
calls=5 -26 
* 103 13
+4 5
-4 5
+4 5
+5 5
-9 15 0 10
fi=(28)
-39 10 5 5
cfi=(27)
cfn=(74)
calls=5 +36 
* 306 57 48 6 0 2 6 0 2
fe=(26)
+39 1 0 1 1 0 0 1
fi=(28)
-39 2 1 1
cfi=(27)
cfn=(74)
calls=1 +36 
* 47 8 8 6 1 1 6 1 1
* 6
fe=(26)
+51 12
+5 6 6
+4 6 6 0 1 0 0 1
-6 6 0 6 0 0 4 0 0 4
+2 6
+4 6 6
-5 6 0 6 0 0 6 0 0 6
+4 6
+1 6
-1 6 0 6 0 0 2 0 0 2
+1 12 0 12
cfi=(29)
cfn=(82)
calls=6 210 
* 77 19 13 2 1 8 2 1 8
* 6 6
+15 6 6
-15 6 0 6
+2 6 0 6 1 0 0 1
+13 12 6
+6 1
+2 7 2 2 0 1 0 0 1
+3 2 1
-3 35 10 10 0 5 0 0 5
+3 10 5
+2 6 0 6 1 0 0 1
+4 6 0 6
+3 16
+2 12 0 8 1 0 1 1 0 1
-2 8
+2 8 0 8 0 0 3 0 0 3
-2 16
+16 12
-5 6 0 6 0 0 6 0 0 6
+5 6
-6 6 0 0 1 0 0 1
+6 6 6 0 0 1 0 0 1
-6 6 0 6
+6 12
+2 10 0 5 0 0 4 0 0 4
+3 10
-3 10
+7 24 6
+4 15
+8 1 0 1 1 0 0 1
+13 1 1
-10 2 0 1
+10 8 6
-10 10 0 5
+10 15 5
+2 5 0 5
cfi=(22)
cfn=(62)
calls=5 57 
* 203 33 0 4 0 0 4
+21 5 0 0 1 0 0 1
-21 15 0 5
+17 5
-13 15
+50 15 10 5 1
cfi=(29)
cfn=(126)
calls=5 -48 
* 89 21 16 0 0 4 0 0 4
* 5
+5 10
+1 10 5
-1 158
+1 158 79
+4 10
+1 5 0 5
+3 5 0 5 0 0 1 0 0 1
+4 54 42 0 1 0 0 1
131 12 0 6 1 0 6 1 0 6
-8 5
-4 10 5
+34 1
+7 4 0 0 1 0 0 1
+8 20 5 0 1 0 0 1
fi=(28)
56 10 5 5 1 0 0 1
cfi=(27)
cfn=(78)
calls=5 -20 
* 150 35 35
* 5
fe=(26)
200 10
-1 10
64 2 0 0 1 0 0 1
+2 3 1 0 1 0 0 1
+1 2
+4 6 0 2
+6 2 0 0 1 0 0 1

fn=(84)
31 24 0 12 1 0 0 1
+2 6
-2 12 0 6
+2 6
-2 18 0 6 0 0 1 0 0 1
+2 6 6 6
cfi=(24)
cfn=(86)
calls=6 +9 
* 18 6
+2 53 6 0 1 0 0 1
+3 80 20
+2 5 0 5
+2 5 0 5
+4 5
+4 5
-4 10 0 5
+1 10 5 5
+1 10 0 5
+3 25 20
-1 5 5
cfi=(24)
cfn=(86)
calls=5 -8 
* 15 5
-4 1
+4 1
-4 2 0 1
+1 2 1 1
+1 2 0 1
+3 5 4
-1 1 1
cfi=(24)
cfn=(86)
calls=1 -8 
* 3 1
-5 2 0 1 1 0 0 1

fl=(15)
fn=(34)
37 1 0 0 1 0 0 1
+2 3 1
+2 1
cfi=(16)
cfn=(36)
calls=1 682 
* 7344 808 485 103 19 8 103 19 8

fn=(550)
71 1 0 0 1 0 0 1
-32 3 1 0 0 1
+32 2 1

fl=(51)
fn=(162)
31 13 0 0 1 0 0 1
+2 13 0 13
+9 13
+1 26 13
+1 13 0 13
+4 13 0 13
+1 13 0 13
+1 13 0 13 0 0 1 0 0 1
+1 13 0 13
+1 13
+2 26 13
+2 13 0 13
+1 13 13 0 1 0 0 1
+1 13
+2 26 13
+2 13 0 13
+8 13
+3 13
+1 13 0 13
+7 13
+1 13 13

fl=(164)
fn=(532)
95 14 7 7 1 3 2 1 0 1
+1 14 7 7 1 0 0 1
+1 7 0 7 0 0 3 0 0 3
+6 35 14 0 0 6
+1 203
+1 140 70 0 1 59 0 1 8
+2 21 14 7 0 3
+5 7 7

fl=(168)
fn=(548)
74 30 0 18 1 0 0 1
+2 3 3
-2 6 0 6 1 0 0 1
+4 3 3
-4 3 0 3
+2 3
+2 9
+37 3
-37 9 6 0 0 2
+1 6
+2 12 3 3 1 0 0 1
+3 25 5 0 0 3 0 0 1
+2 6 3
-54 3
+54 3
-54 3 3
+54 3
-54 9 6
+1 9 0 0 1 0 0 1
+2 6 3 0 0 3 0 0 3
+1 6 3
+12 9 3 3
+3 3 3
+2 6 3 3
-2 3 3
+2 9 3 3 1 0 0 1
cfi=(32)
cfn=(94)
calls=3 +45 
* 209 28 0 0 7 0 0 7
* 6
+4 6 6
+1 3 3
-1 3 3 0 0 2
+1 18 6 0 0 1
+1 9 6 3
cfi=(32)
cfn=(94)
calls=3 +39 
* 198 27 0 0 2 0 0 1
* 6
+57 27 21
-23 6 0 0 2 0 0 2

fl=(11)
fn=(58)
153 15 0 0 1 0 0 1
-81 40 5 0 1 0 0 1
+81 15 0 10
-81 10
+10 5 5
fi=(265) ./elf/./dl-tunable-types.h
+2 5
fe=(11)
+9 40 10 0 1 0 0 1
+1 25 10
fi=(12) ./elf/./elf/dl-tunables.h
+47 10
fe=(11)
-26 25 0 5 1 0 0 1
+1 5 0 5
+1 5 0 5
+1 5 0 5
+39 15 15
fi=(12)
-15 10 0 0 1 0 0 1
fe=(11)
-45 10
+3 5
fi=(12)
+51 5
fe=(11)
-51 5
+4 10
+7 10
+1 10
-12 25

fn=(28)
387 39 0 0 1 0 0 1
+3 78
-3 39
+3 312 39 0 0 35 0 0 31
+9 36 36 0 0 15
-9 72 0 0 2 0 0 1
+19 25 0 25
+7 234 39 0 0 4
+2 39 39
-19 14 0 14
+1 14
+9 6 0 0 1 0 0 1

fn=(22)
261 8 0 5 2 0 0 2
+22 1
-22 1 0 1
128 1
283 1
-22 1
+6 4 1
42 315 63 0 1 0 0 1
+6 62 62 0 0 12 0 0 12
-3 62
+3 6420 864 0 0 15 0 0 15
+4 124
+4 124 0 0 1 0 0 1
fi=(12)
160 62
fe=(11)
56 124
fi=(12)
161 28
-1 146 90 0 0 1 0 0 1
+1 214
-1 124
fe=(11)
281 10168
+6 18414 5084 0 1 41 0 1 41
fi=(12)
160 620 620
+1 1240
-1 33 33
+1 132
-1 165 33 0 1 0 0 1
fe=(11)
304 8 7 0 1 0 0 1

fl=(140)
fn=(436)
117 35 0 0 2 0 0 2
+5 7 7

fn=(574)
117 5
+5 1 1

fl=(187)
fn=(644)
46 803 0 438 3 0 0 3
+2 365 292 0 0 10 0 0 3
+1 73 73
+6 73
fi=(266) ./elf/../sysdeps/x86_64/dl-runtime.h
-27 73
fe=(187)
+21 73 73
+5 73 73 0 0 4 0 0 1
+1 73 73 0 0 4 0 0 2
-6 73 0 0 1 0 0 1
+6 146
+1 73 73 0 0 67 0 0 9
+2 73 73 0 0 5
-2 73
+2 73
-2 365 0 73 0 0 3 0 0 2
+7 146
+4 146 73 0 0 72 0 0 44
+4 73 73 0 1 4 0 1 1
-2 73
+2 146
+4 219 146 0 0 63 0 0 11
+1 292 73 0 0 3 0 0 1
+1 219 73 0 0 16 0 0 6
+8 73 73
-1 73 0 0 1 0 0 1
+1 146
+10 730 146 219 0 4 0 0 2
cfi=(78)
cfn=(270)
calls=73 772 
* 51148 13873 4804 20 496 47 6 200 22
* 73
+4 365 219 0 1 0 0 1
+10 730 292 73
+15 292 73 0 1 0 0 1
+9 219 73
+26 219 73 0 0 3 0 0 1
fi=(6)
+75 73 0 73
fe=(187)
-71 584 511 0 1 0 0 1
fi=(218) ./elf/../sysdeps/x86_64/dl-irel.h
32 2 0 2 1 0 0 1
cob=(2)
cfi=(121)
cfn=(374)
calls=1 -3 
* 24 5 0 3 1
cob=(2)
cfi=(127)
cfn=(394)
calls=1 -3 
* 25 5 0 2 1
fe=(187)
+93 4 0 2

fl=(46)
fn=(438)
1017 24 0 12 1 0 0 1
+9 3 3 0 0 1
-9 3 0 3
+6 3 3
+4 3
+4 9 3 0 1 2 0 1
+34 6
+3 6 0 3
+1 9 3 3
+3 18 18 0 1 0 0 1

fn=(146)
192 1 0 0 1 0 0 1
+2 2 1
+1 1 1
+15 2 1

fn=(248)
97 2 0 1 1 0 0 1
+3 1
-3 3 0 2
+3 1
-3 1
+3 1
-3 1 0 1
+3 1
-3 1
+3 1 0 1
cfi=(11)
cfn=(28)
calls=1 387 
* 23 4 1 0 2 0 0 1
* 1 1
+1 4 0 1
cfi=(11)
cfn=(28)
calls=1 387 
* 23 4 1 0 2 0 0 1
+1 1
+2 1 0 0 1 0 0 1
-3 1 1
+1 2
+2 3
+3 1
+2 1 0 1
-26 3
+28 3 0 1
+1 6 5

fn=(224)
125 3 0 0 1 0 0 1
+16 3 3
-13 3 3
-3 9 0 3
+3 3
+55 3 0 3 1 0 0 1
-2 3
+5 3 0 3
+1 6 6

fn=(250)
216 9 0 6 1 0 0 1
+6 4 1 1
+3 2 1
+36 3 1 0 1 0 0 1
+2 1 1
-2 1
-2 1
-40 1
-1 1
-1 1
+46 2 0 1
+23 9
+3 3
-3 15
+2 6
+6 3
-33 6 3
+20 3 0 3
-20 15 3 0 0 1 0 0 1
+2 6 3 0 1 0 0 1
+3 3 3
-1 3 3 0 1 0 0 1
+5 6 3
-5 3
+1 3
-1 3
+3 6
+2 9
+32 2 1 0 1 0 0 1
-1 1 0 1
+53 1 0 1
-52 5 0 0 1 0 0 1
+2 2 0 1
+51 8 7

fn=(528)
523 11 0 8 1 0 0 1
+1 2
+4 1 1 0 0 1
+6 1 0 0 1 0 0 1
-6 1 0 1
+6 1 1 1 0 1
cfi=(24)
cfn=(86)
calls=1 42 
* 3 1
+3 3 2 0 0 1
+12 1 1
-18 1
+42 3
-19 12 1 1 1 0 0 1
+9 9 3 0 0 1
+1 6
+6 9 6 0 1 0 0 1
+3 3 3 0 0 2
-2 3
+2 3 3 0 0 1
-2 3
+2 12 3
+4 3 3
-4 3 0 3 0 0 1 0 0 1
+4 3
-1 6
+4 6 0 0 1 0 0 1
+1 12 6 0 0 2
+2 6
+1 6 3
+17 3 3
-8 3 0 3
+8 3
+2 12 3 6
cfi=(29)
cfn=(126)
calls=3 197 
* 39 5 2 0 1 1 0 0 1
* 18 3 3
cfi=(43)
cfn=(130)
calls=3 132 
* 52 3 12 1 0 2 0 0 2
-49 3 3
+55 3 3
-55 12
+6 9 0 0 1 0 0 1
+55 2 1 1
cfi=(24)
cfn=(86)
calls=1 42 
* 3 1
+3 2 1 1
+3 9 8

fn=(252)
417 7 0 4 2 0 0 2
+2 1 1
+11 1 1
+1 1
fi=(28)
56 1 1 1
cfi=(27)
cfn=(78)
calls=1 -20 
* 86 16 13 1
fe=(46)
432 2
+8 3
fi=(28)
44 1
fe=(46)
440 2
+5 1
-5 1
+1 1 0 0 1 0 0 1
+4 304 0 297 0 0 37 0 0 37
+19 1 0 1 0 0 1 0 0 1
-99 1 1
+4 1 0 0 1 0 0 1
+1 1
fi=(28)
44 1 1 1
cfi=(27)
cfn=(74)
calls=1 +36 
* 41 8 7
fe=(46)
371 2
+3 1 0 1 0 0 1 0 0 1
+6 2 0 1
+90 7 5

fl=(70)
fn=(226)
25 4
+1 8
+1 2 2

ob=(6)
fl=(184)
fn=(1842)
0 5 0 2 1 0 0 1
cfn=(1844) 0x00000000000048f0
calls=1 0 
0 16 6 4 2 1 0 2 1
0 2 0 1
cfn=(1844)
calls=1 0 
0 16 6 4
0 3 2 1

fn=(624)
0 12 1 0 3 0 0 3

fn=(622)
0 364 17 45 40 2 0 40 1

fn=(1854)
0 9 3 2 1 2 0 1 2
cob=(4)
cfi=(175)
cfn=(1860)
calls=1 0 
0 134 31 13 1 0 0 1
0 1 0 1
cfn=(1864) 0x0000000000005a60
calls=1 0 
0 5 1 0 2 0 0 2
0 3 2 1 1 0 0 1

fn=(1844)
0 32 12 8 2 1 0 2 1

fn=(1864)
0 5 1 0 2 0 0 2

ob=(8)
fl=(239) /usr/include/c++/13/bits/chrono.h
fn=(1638) std::chrono::time_point<std::chrono::_V2::system_clock, std::chrono::duration<long, std::ratio<1l, 1000000000l> > >::time_since_epoch() const
949 16 0 8
+1 16 16

fn=(1644) std::chrono::duration<long, std::ratio<1l, 1000000000l> >::duration<long, void>(long const&)
573 10 0 6
+1 14 10 2

fn=(1636) std::common_type<std::chrono::duration<long, std::ratio<1l, 1000000000l> >, std::chrono::duration<long, std::ratio<1l, 1000000000l> > >::type std::chrono::operator-<std::chrono::_V2::system_clock, std::chrono::duration<long, std::ratio<1l, 1000000000l> >, std::chrono::duration<long, std::ratio<1l, 1000000000l> > >(std::chrono::time_point<std::chrono::_V2::system_clock, std::chrono::duration<long, std::ratio<1l, 1000000000l> > > const&, std::chrono::time_point<std::chrono::_V2::system_clock, std::chrono::duration<long, std::ratio<1l, 1000000000l> > > const&)
1141 18 2 8 2 0 0 2
+2 6 2 2 0 0 2 0 0 2
cfn=(1638)
calls=2 949 
* 16 8 4
* 8 2 4
cfn=(1638)
calls=2 949 
* 16 8 4
* 12 0 4
cfn=(1640) std::common_type<std::chrono::duration<long, std::ratio<1l, 1000000000l> >, std::chrono::duration<long, std::ratio<1l, 1000000000l> > >::type std::chrono::operator-<long, std::ratio<1l, 1000000000l>, long, std::ratio<1l, 1000000000l> >(std::chrono::duration<long, std::ratio<1l, 1000000000l> > const&, std::chrono::duration<long, std::ratio<1l, 1000000000l> > const&)
calls=2 710 
* 132 48 38 3 0 2 3 0 2
* 10 8

fn=(1652) std::chrono::duration<long, std::ratio<1l, 1000l> >::count() const
589 8 0 4
+1 8 8

fn=(1642) std::chrono::duration<long, std::ratio<1l, 1000000000l> >::count() const
589 24 0 12
+1 24 24

fn=(1646) std::enable_if<std::chrono::__is_duration<std::chrono::duration<long, std::ratio<1l, 1000l> > >::value, std::chrono::duration<long, std::ratio<1l, 1000l> > >::type std::chrono::duration_cast<std::chrono::duration<long, std::ratio<1l, 1000l> >, long, std::ratio<1l, 1000000000l> >(std::chrono::duration<long, std::ratio<1l, 1000000000l> > const&)
273 10 0 4
+14 6 2 2
cfn=(1648) std::chrono::duration<long, std::ratio<1l, 1000l> > std::chrono::__duration_cast_impl<std::chrono::duration<long, std::ratio<1l, 1000l> >, std::ratio<1l, 1000000l>, long, true, false>::__cast<long, std::ratio<1l, 1000000000l> >(std::chrono::duration<long, std::ratio<1l, 1000000000l> > const&)
calls=2 -79 
* 104 32 24 1 0 0 1
+4 4 4

fn=(1650) std::chrono::duration<long, std::ratio<1l, 1000l> >::duration<long, void>(long const&)
573 10 0 6
+1 14 10 2

fn=(1640)
710 20 2 10 1 0 2 1 0 2
+6 12 4 4 1 0 0 1
cfn=(1642)
calls=2 589 
* 16 8 4
* 14 4 4
cfn=(1642)
calls=2 589 
* 16 8 4
* 16 0 4 1 0 0 1
cfn=(1644)
calls=2 573 
* 24 10 8
* 2 2
+1 12 10

fn=(1648)
208 16 2 6
+4 6 2 2
cfn=(1642)
calls=2 589 
* 16 8 4
* 18 0 0 1 0 0 1
-1 12 0 4
cfn=(1650)
calls=2 573 
* 24 10 8
+1 2 2
+1 10 8

fl=(229) /usr/include/c++/13/bits/new_allocator.h
fn=(1462) std::__new_allocator<double>::allocate(unsigned long, void const*)
126 18036 2004 10020 1 0 0 1
233 2004
-99 14028 2004 0 1 0 0 1
+17 8016 2004 2004
cob=(4)
cfi=(175)
cfn=(1464)
calls=2004 0 
* 393654 80619 43404 10 360 2061 7 0 2001
* 2004
+1 4008 4008

fn=(1588) std::__new_allocator<double>::deallocate(double*, unsigned long)
156 14028 0 8016 1 0 0 1
+16 12024 4008 2004
cob=(4)
cfi=(175)
cfn=(1590)
calls=2004 0 
* 492785 149087 74266 29 2113 17 28 465 2
+1 4008 4008

fn=(1496) std::__new_allocator<std::vector<double, std::allocator<double> > >::~__new_allocator()
104 84 24 24

fn=(1448) std::__new_allocator<double>::~__new_allocator()
104 28084 8024 8024

fn=(1510) std::__new_allocator<std::vector<double, std::allocator<double> > >::allocate(unsigned long, void const*)
126 36 4 20 1 0 0 1
233 4
-99 28 4
+17 28 4 4 1 0 0 1
cob=(4)
cfi=(175)
cfn=(1464)
calls=4 0 
* 788 156 84 0 3 4 0 0 4
* 4
+1 8 8

fn=(1678) std::__new_allocator<std::vector<double, std::allocator<double> > >::deallocate(std::vector<double, std::allocator<double> >*, unsigned long)
156 28 0 16
+16 40 8 4
cob=(4)
cfi=(175)
cfn=(1590)
calls=4 0 
* 1413 408 220 0 2 0 0 1
+1 8 8

fl=(232) /usr/include/c++/13/bits/stl_uninitialized.h
fn=(1474) double* std::__uninitialized_fill_n_a<double*, unsigned long, double, double>(double*, unsigned long, double const&, std::allocator<double>&)
465 32 0 20 1 0 0 1
+7 24 12 4
cfn=(1476) double* std::uninitialized_fill_n<double*, unsigned long, double>(double*, unsigned long, double const&)
calls=4 312 
* 14456 8152 4136 10 0 62 10 0 62
+1 8 8

fn=(1518) std::vector<double, std::allocator<double> >* std::__uninitialized_fill_n_a<std::vector<double, std::allocator<double> >*, unsigned long, std::vector<double, std::allocator<double> >, std::vector<double, std::allocator<double> > >(std::vector<double, std::allocator<double> >*, unsigned long, std::vector<double, std::allocator<double> > const&, std::allocator<std::vector<double, std::allocator<double> > >&)
465 32 0 20 1 0 0 1
+7 24 12 4 1 0 0 1
cfn=(1520) std::vector<double, std::allocator<double> >* std::uninitialized_fill_n<std::vector<double, std::allocator<double> >*, unsigned long, std::vector<double, std::allocator<double> > >(std::vector<double, std::allocator<double> >*, unsigned long, std::vector<double, std::allocator<double> > const&)
calls=4 312 
* 2402886 730524 653388 35 370 126310 32 0 126247
+1 8 8 0 0 4

fn=(1520)
312 28 0 16
+7 4 0 4
+8 24 12 4 1 0 0 1
cfn=(1522) std::vector<double, std::allocator<double> >* std::__uninitialized_fill_n<false>::__uninit_fill_n<std::vector<double, std::allocator<double> >*, unsigned long, std::vector<double, std::allocator<double> > >(std::vector<double, std::allocator<double> >*, unsigned long, std::vector<double, std::allocator<double> > const&)
calls=4 -45 
* 2402822 730504 653364 34 366 126310 31 0 126247
+1 8 8 0 0 4

fn=(1522)
282 28 0 16 2 0 0 2
+2 24 12 4
cfn=(1524) std::vector<double, std::allocator<double> >* std::__do_uninit_fill_n<std::vector<double, std::allocator<double> >*, unsigned long, std::vector<double, std::allocator<double> > >(std::vector<double, std::allocator<double> >*, unsigned long, std::vector<double, std::allocator<double> > const&)
calls=4 -23 
* 2402762 730484 653344 32 362 126310 29 0 126247
* 8 8 0 0 4

fn=(1478) double* std::__uninitialized_fill_n<true>::__uninit_fill_n<double*, unsigned long, double>(double*, unsigned long, double const&)
292 28 0 16 1 0 0 1
+2 24 12 4
cfi=(228) /usr/include/c++/13/bits/stl_algobase.h
cfn=(1480) double* std::fill_n<double*, unsigned long, double>(double*, unsigned long, double const&)
calls=4 1152 
* 14332 8112 4092 8 0 62 8 0 62
* 8 8

fn=(1548) double* std::__uninitialized_copy_a<__gnu_cxx::__normal_iterator<double const*, std::vector<double, std::allocator<double> > >, double*, double>(__gnu_cxx::__normal_iterator<double const*, std::vector<double, std::allocator<double> > >, __gnu_cxx::__normal_iterator<double const*, std::vector<double, std::allocator<double> > >, double*, std::allocator<double>&)
366 16000 0 10000
+7 12000 6000 2000
cfn=(1550) double* std::uninitialized_copy<__gnu_cxx::__normal_iterator<double const*, std::vector<double, std::allocator<double> > >, double*>(__gnu_cxx::__normal_iterator<double const*, std::vector<double, std::allocator<double> > >, __gnu_cxx::__normal_iterator<double const*, std::vector<double, std::allocator<double> > >, double*)
calls=2000 163 
* 1247750 396000 386000 16 2 123500 16 0 123500
+1 4000 4000

fn=(1476)
312 28 0 16
+7 4 0 4
+8 24 12 4 1 0 0 1
cfn=(1478)
calls=4 -35 
* 14392 8132 4112 9 0 62 9 0 62
+1 8 8

fn=(1550)
163 14000 0 8000
+11 2000 0 2000
+7 2000 0 2000
+4 12000 6000 2000
cfn=(1552) double* std::__uninitialized_copy<true>::__uninit_copy<__gnu_cxx::__normal_iterator<double const*, std::vector<double, std::allocator<double> > >, double*>(__gnu_cxx::__normal_iterator<double const*, std::vector<double, std::allocator<double> > >, __gnu_cxx::__normal_iterator<double const*, std::vector<double, std::allocator<double> > >, double*)
calls=2000 -40 
* 1213750 386000 372000 16 2 123500 16 0 123500
+1 4000 4000

fn=(1552)
145 14000 0 8000 1 0 0 1
+2 12000 6000 2000
cfi=(228)
cfn=(1554) double* std::copy<__gnu_cxx::__normal_iterator<double const*, std::vector<double, std::allocator<double> > >, double*>(__gnu_cxx::__normal_iterator<double const*, std::vector<double, std::allocator<double> > >, __gnu_cxx::__normal_iterator<double const*, std::vector<double, std::allocator<double> > >, double*)
calls=2000 624 
* 1183750 376000 362000 15 2 123500 15 0 123500
* 4000 4000

fn=(1524)
261 32 0 20 1 0 0 1
+2 8 4 4
+3 4
+1 6000 2000 2000
cfi=(233) /usr/include/c++/13/bits/move.h
cfn=(1526) std::vector<double, std::allocator<double> >* std::__addressof<std::vector<double, std::allocator<double> > >(std::vector<double, std::allocator<double> >&)
calls=2000 51 
* 14000 6000 4000
* 10000 2000 2000
cfi=(234) /usr/include/c++/13/bits/stl_construct.h
cfn=(1528) void std::_Construct<std::vector<double, std::allocator<double> >, std::vector<double, std::allocator<double> > const&>(std::vector<double, std::allocator<double> >*, std::vector<double, std::allocator<double> > const&)
calls=2000 109 
* 2364690 718460 641320 30 362 126310 27 0 126247
-1 8008 2004 4000
+2 8 4 0 1 0 0 1
+7 12 12

fl=(217)
fn=(1332)
9 8 1 3
+1 1 0 1
+1 1 0 1
+2 5 0 1 1 0 0 1
cob=(4)
cfi=(175)
cfn=(1334)
calls=1 -13 
* 4463 1401 691 61 51 4 57 15 1
* 5 1 1
cob=(4)
cfi=(175)
cfn=(1386)
calls=1 -13 
* 4749 1319 635 52 43 8 48 8
* 5 0 1
cob=(4)
cfi=(175)
cfn=(1334)
calls=1 -13 
* 277 80 47
* 5 1 1 1 0 0 1
cob=(4)
cfi=(175)
cfn=(1386)
calls=1 -13 
* 447 114 67
* 5 0 1
cob=(4)
cfi=(175)
cfn=(1334)
calls=1 -13 
* 314 89 48 1 0 1 1 0 1
* 5 1 1
cob=(4)
cfi=(175)
cfn=(1386)
calls=1 -13 
* 428 112 66
* 5 0 1 1 0 0 1
cob=(4)
cfi=(175)
cfn=(1334)
calls=1 -13 
* 277 80 47
* 5 1 1
cob=(4)
cfi=(175)
cfn=(1386)
calls=1 -13 
* 428 112 66
* 5 0 1
cob=(4)
cfi=(175)
cfn=(1334)
calls=1 -13 
* 437 118 69 12 0 0 12
* 2 0 1
fi=(229)
+75 1 0 0 1 0 0 1
fi=(230) /usr/include/c++/13/bits/allocator.h
+75 3 0 1
fi=(229)
-75 1
fi=(230)
+75 1
fe=(217)
15 9 2 2 0 1 0 0 1
cfi=(227) /usr/include/c++/13/bits/stl_vector.h
cfn=(1440) std::vector<double, std::allocator<double> >::vector(unsigned long, double const&, std::allocator<double> const&)
calls=1 569 
* 4100 2174 1142 35 0 63 35 0 63
* 7 1 1 1 0 0 1
cfi=(227)
cfn=(1490) std::vector<std::vector<double, std::allocator<double> >, std::allocator<std::vector<double, std::allocator<double> > > >::vector(unsigned long, std::vector<double, std::allocator<double> > const&, std::allocator<std::vector<double, std::allocator<double> > > const&)
calls=1 569 
* 601223 182767 163455 58 96 31580 55 0 31563
* 3 0 1
cfi=(227)
cfn=(1576) std::vector<double, std::allocator<double> >::~vector()
calls=1 733 
* 1754 620 340 24 78 14 23 1
fi=(230)
184 3 0 1
cfi=(229)
cfn=(1448)
calls=1 -80 
* 7 2 2
* 4 0 1 1 0 0 1
cfi=(229)
cfn=(1496)
calls=1 -80 
* 7 2 2
* 3 0 1
fi=(229)
-96 1
fi=(230)
+75 3 0 1
fi=(229)
-75 1
fi=(230)
+75 1
fe=(217)
16 9 2 2 1 2 0 1
cfi=(227)
cfn=(1440)
calls=1 569 
* 4082 2175 1142 5 0 0 5
* 7 1 1
cfi=(227)
cfn=(1490)
calls=1 569 
* 601217 182767 163455 0 95 31580 0 0 31563
* 3 0 1
cfi=(227)
cfn=(1576)
calls=1 733 
* 320 99 70 0 7
fi=(230)
184 3 0 1 1 0 0 1
cfi=(229)
cfn=(1448)
calls=1 -80 
* 7 2 2
* 4 0 1
cfi=(229)
cfn=(1496)
calls=1 -80 
* 7 2 2
* 3 0 1 0 0 1
fi=(229)
-96 1
fi=(230)
+75 3 0 1
fi=(229)
-75 1
fi=(230)
+75 1
fe=(217)
17 9 1 2 1 1 0 1
cfi=(227)
cfn=(1440)
calls=1 569 
* 4082 2175 1142
* 7 1 1 1 0 0 1
cfi=(227)
cfn=(1490)
calls=1 569 
* 601217 182767 163455 0 95 31579 0 0 31562
* 3 0 1
cfi=(227)
cfn=(1576)
calls=1 733 
* 320 99 70 0 7
fi=(230)
184 3 0 1
cfi=(229)
cfn=(1448)
calls=1 -80 
* 7 2 2
* 4 0 1
cfi=(229)
cfn=(1496)
calls=1 -80 
* 7 2 2
* 3 0 1 0 0 1
fi=(229)
-96 1
fi=(230)
+75 3 0 1 1 0 0 1
fi=(229)
-75 1
fi=(230)
+75 1
fe=(217)
18 9 1 2 0 1 1 0 0 1
cfi=(227)
cfn=(1440)
calls=1 569 
* 4082 2175 1142
* 7 1 1 1 0 0 1
cfi=(227)
cfn=(1490)
calls=1 569 
* 601217 182767 163455 0 95 31579 0 0 31563
* 3 0 1
cfi=(227)
cfn=(1576)
calls=1 733 
* 320 99 70 0 7
fi=(230)
184 3 0 1
cfi=(229)
cfn=(1448)
calls=1 -80 
* 7 2 2
* 4 0 1 1 0 0 1
cfi=(229)
cfn=(1496)
calls=1 -80 
* 7 2 2
* 1
fe=(217)
21 1 0 1
cob=(4)
cfi=(175)
cfn=(1622)
calls=1 -21 
* 857 296 137 8 67 12 8 43 10
* 1 0 1 0 0 1
+2 2 0 1 0 0 1
+1 1000 0 500
+1 500000 0 250000 1 0 0 1
+1 750000000 125000000 125000000
cfi=(227)
cfn=(1632) std::vector<std::vector<double, std::allocator<double> >, std::allocator<std::vector<double, std::allocator<double> > > >::operator[](unsigned long)
calls=125000000 1126 
* 1875000000 625000000 375000000 2 1 0 2
* 750000000 125000000 125000000
cfi=(227)
cfn=(1634) std::vector<double, std::allocator<double> >::operator[](unsigned long)
calls=125000000 1126 
* 1500000000 625000000 375000000 0 187 0 0 187
* 1000000000 250000000 250000000 1 1834594 0 1 31374
cfi=(227)
cfn=(1632)
calls=125000000 1126 
* 1875000000 625000000 375000000 0 1
* 750000000 125000000 125000000
cfi=(227)
cfn=(1634)
calls=125000000 1126 
* 1500000000 625000000 375000000 0 6117604 0 0 14
* 1125000000 375000000 250000000 1 31605981 0 1 280
cfi=(227)
cfn=(1632)
calls=125000000 1126 
* 1875000000 625000000 375000000
* 750000000 125000000 125000000
cfi=(227)
cfn=(1634)
calls=125000000 1126 
* 1500000000 625000000 375000000 0 188 0 0 104
* 375000000 250000000 125000000 0 31375 0 0 25443
-1 500750000 250500000 125000000
-1 1001500 501000 250000
-1 2003 1002 500 1 0 0 1
+8 1 0 1
cob=(4)
cfi=(175)
cfn=(1622)
calls=1 -31 
* 31 12 3 0 5 0 0 4
* 1 0 1 0 0 1 0 0 1
+1 5 0 1
cfi=(239)
cfn=(1636)
calls=1 1141 
* 109 39 32 5 0 2 5 0 2
* 4 0 2 1 0 1 1 0 1
cfi=(239)
cfn=(1646)
calls=1 273 
* 62 19 15 1 0 0 1
* 1 0 1
+1 5 0 1
cob=(4)
cfi=(175)
cfn=(1334)
calls=1 -33 
* 314 89 48 0 20 4 0 20 4
* 4 0 1
cfi=(239)
cfn=(1652)
calls=1 589 
* 8 4 2
* 3 0 1 1 0 0 1
cob=(4)
cfi=(175)
cfn=(1654)
calls=1 -33 
* 492 117 70 2 13 2 2 13 2
* 5 0 1
cob=(4)
cfi=(175)
cfn=(1334)
calls=1 -33 
* 436 119 70 0 2 1 0 2 1
+3 1 0 1
cob=(4)
cfi=(175)
cfn=(1622)
calls=1 -36 
* 31 12 3
* 1 0 1
+2 2 0 1
+1 20 0 10
+1 200 0 100 1 0 0 1
+2 3000 1000 1000
+1 150000 50000 50000
+1 7500000 2500000 2500000 1 0 0 1
+1 750000000 125000000 125000000
cfi=(227)
cfn=(1632)
calls=125000000 1126 
* 1875000000 625000000 375000000
* 750000000 125000000 125000000
cfi=(227)
cfn=(1634)
calls=125000000 1126 
* 1500000000 625000000 375000000 0 19277 0 0 3
* 1000000000 250000000 250000000 1 349953 0 1 254
cfi=(227)
cfn=(1632)
calls=125000000 1126 
* 1875000000 625000000 375000000
* 750000000 125000000 125000000
cfi=(227)
cfn=(1634)
calls=125000000 1126 
* 1500000000 625000000 375000000 0 18784
* 1125000000 375000000 250000000 1 349989 0 1
cfi=(227)
cfn=(1632)
calls=125000000 1126 
* 1875000000 625000000 375000000
* 750000000 125000000 125000000
cfi=(227)
cfn=(1634)
calls=125000000 1126 
* 1500000000 625000000 375000000 0 19284 0 0 187
* 375000000 250000000 125000000 0 349916 0 0 31375
-1 1250000000 250000000 375000000
cfi=(228)
cfn=(1658) int const& std::min<int>(int const&, int const&)
calls=125000000 233 
* 1862500000 875000000 375000000
* 22500000 5000000 5000000 1 0 0 1
cfi=(228)
cfn=(1658)
calls=2500000 233 
* 37250000 17500000 7500000
* 637500000 255000000
-1 25000000 5000000 7500000
cfi=(228)
cfn=(1658)
calls=2500000 233 
* 37250000 17500000 7500000
* 450000 100000 100000 1 0 0 1
cfi=(228)
cfn=(1658)
calls=50000 233 
* 745000 350000 150000
* 12750000 5100000
-1 500000 100000 150000
cfi=(228)
cfn=(1658)
calls=50000 233 
* 745000 350000 150000
* 9000 2000 2000 1 0 0 1
cfi=(228)
cfn=(1658)
calls=1000 233 
* 14900 7000 3000
* 255000 102000
-2 5300 3200 1000
-1 530 320 100 1 0 0 1
-1 53 32 10 1 0 0 1
+16 1 0 1
cob=(4)
cfi=(175)
cfn=(1622)
calls=1 -54 
* 31 12 3 0 5 0 0 1
* 1 0 1 0 0 1 0 0 1
+1 5 0 1 1 0 0 1
cfi=(239)
cfn=(1636)
calls=1 1141 
* 109 39 32 0 0 2 0 0 2
* 4 0 2
cfi=(239)
cfn=(1646)
calls=1 273 
* 62 19 15
* 1 0 1
+1 5 0 1
cob=(4)
cfi=(175)
cfn=(1334)
calls=1 -56 
* 314 89 48 0 20 4 0 6 3
* 4 0 1 1 0 0 1
cfi=(239)
cfn=(1652)
calls=1 589 
* 8 4 2
* 3 0 1
cob=(4)
cfi=(175)
cfn=(1654)
calls=1 -56 
* 492 117 70 0 13 2 0 10 2
* 5 0 1
cob=(4)
cfi=(175)
cfn=(1334)
calls=1 -56 
* 436 119 70 0 1 1
+2 1
+1 3 0 1
cfi=(227)
cfn=(1660) std::vector<std::vector<double, std::allocator<double> >, std::allocator<std::vector<double, std::allocator<double> > > >::~vector()
calls=1 733 
* 196428 62117 41114 8 706 2 8 19 1
* 3 0 1 1 0 0 1
cfi=(227)
cfn=(1660)
calls=1 733 
* 211401 66947 43046 0 688 1 0 597 1
* 3 0 1
cfi=(227)
cfn=(1660)
calls=1 733 
* 211401 66947 43046 0 689
* 3 0 1
cfi=(227)
cfn=(1660)
calls=1 733 
* 211434 66959 43050 0 693 0 0 3
* 7 5 0 0 1 0 0 1

fl=(228)
fn=(1482) std::__size_to_integer(unsigned long)
1018 28 12 8 1 0 0 1

fn=(1558) double* std::__copy_move_a<false, __gnu_cxx::__normal_iterator<double const*, std::vector<double, std::allocator<double> > >, double*>(__gnu_cxx::__normal_iterator<double const*, std::vector<double, std::allocator<double> > >, __gnu_cxx::__normal_iterator<double const*, std::vector<double, std::allocator<double> > >, double*)
538 18000 0 12000
+2 6000 2000 2000
cfn=(1560) double* std::__niter_base<double*>(double*)
calls=2000 316 
* 14000 6000 4000 1 0 0 1
* 8000 2000 2000 1 0 0 1
cfi=(236) /usr/include/c++/13/bits/stl_iterator.h
cfn=(1562) double const* std::__niter_base<double const*, std::vector<double, std::allocator<double> > >(__gnu_cxx::__normal_iterator<double const*, std::vector<double, std::allocator<double> > >)
calls=2000 1357 
* 36000 12000 10000 2 0 0 2
* 8000 2000 2000
cfi=(236)
cfn=(1562)
calls=2000 1357 
* 36000 12000 10000
* 8000 0 2000
cfn=(1566) double* std::__copy_move_a1<false, double const*, double*>(double const*, double const*, double*)
calls=2000 -8 
* 937750 302000 286000 9 2 123500 9 0 123500
* 10000 0 2000
cfn=(1574) double* std::__niter_wrap<double*>(double* const&, double*)
calls=2000 338 
* 16000 6000 6000
+4 10000 8000

fn=(1560)
316 8000 0 4000 1 0 0 1
+2 6000 6000

fn=(1568) double* std::__copy_move_a2<false, double const*, double*>(double const*, double const*, double*)
497 14000 0 8000
+9 12000 6000 2000
cfn=(1570) double* std::__copy_move<false, true, std::random_access_iterator_tag>::__copy_m<double const, double>(double const*, double const*, double*)
calls=2000 -73 
* 877750 282000 266000 9 2 123500 9 0 123500
+1 4000 4000

fn=(1570)
433 14000 0 8000 1 0 0 1
+2 8000 4000 2000
+1 10000 2000
+1 14000 6000 2000 1 0 0 1
cob=(4)
cfi=(175)
cfn=(1572)
calls=2000 0 
* 817750 262000 254000 7 2 123500 7 0 123500
* 2000
+4 8000 4000
+1 4000 4000

fn=(1484) double* std::__fill_n_a<double*, unsigned long, double>(double*, unsigned long, double const&, std::random_access_iterator_tag)
1117 28 0 16 1 0 0 1
+6 8 4
+5 36 16 4 1 0 0 1
cfn=(1486) void std::__fill_a<double*, double>(double*, double*, double const&)
calls=4 976 
* 14132 8044 4040 4 0 62 4 0 62
+1 16 8
+1 8 8

fn=(1574)
338 10000 0 6000
+1 6000 6000

fn=(1480)
1152 28 0 16 1 0 0 1
fi=(267) /usr/include/c++/13/bits/stl_iterator_base_types.h
240 4
fe=(228)
1157 12 4 4
cfn=(1482)
calls=4 1018 
* 28 12 8 1 0 0 1
* 24 8 4
cfn=(1484)
calls=4 -40 
* 14228 8080 4060 6 0 62 6 0 62
+2 8 8

fn=(1566)
532 14000 0 8000
+1 12000 6000 2000
cfn=(1568)
calls=2000 -36 
* 907750 292000 276000 9 2 123500 9 0 123500
* 4000 4000

fn=(1486)
976 28 0 16 1 0 0 1
+1 24 12 4 1 0 0 1
cfn=(1488) __gnu_cxx::__enable_if<std::__is_scalar<double>::__value, void>::__type std::__fill_a1<double*, double>(double*, double*, double const&)
calls=4 -51 
* 14068 8024 4020 2 0 62 2 0 62
* 12 8

fn=(1554)
624 16000 0 10000 1 0 0 1
+9 6000 2000 2000
cfi=(237) /usr/include/c++/13/bits/cpp_type_traits.h
cfn=(1556) __gnu_cxx::__normal_iterator<double const*, std::vector<double, std::allocator<double> > > std::__miter_base<__gnu_cxx::__normal_iterator<double const*, std::vector<double, std::allocator<double> > > >(__gnu_cxx::__normal_iterator<double const*, std::vector<double, std::allocator<double> > >)
calls=2000 -26 
* 14000 6000 4000 1 0 0 1
* 8000 2000 2000
cfi=(237)
cfn=(1556)
calls=2000 -26 
* 14000 6000 4000
* 12000 2000 2000
cfn=(1558)
calls=2000 -95 
* 1107750 352000 338000 13 2 123500 13 0 123500
+1 6000 6000

fn=(1446) unsigned long const& std::min<unsigned long>(unsigned long const&, unsigned long const&)
233 40 0 24 1 0 0 1
+5 48 32 0 1 0 0 1
+2 8 8
+1 16 16

fn=(1488)
926 24 0 16 1 0 0 1
+3 12 8 4
+1 4
+1 6000 4000 2000 0 0 62 0 0 62
-1 8012 4008 2000 1 0 0 1
+2 16 8

fn=(1658)
233 650505000 0 390303000
+5 780606000 520404000
+1 234181800 117090900
+1 13010100 13010100
+1 260202000 260202000

fl=(211)
fn=(1716) 0x0000000000001250
0 5 1 0 1 0 0 1

fn=(1700)
0 9 3 2 1 3 0 1 1
cob=(4)
cfi=(175)
cfn=(1706)
calls=1 0 
0 134 31 13 8 7 1 8 7 1
0 1 0 1
cfn=(1716)
calls=1 0 
0 5 1 0 1 0 0 1
0 3 2 1

fn=(1314)
0 12 1 0 2 0 0 2

fn=(1306)
0 12 2 3 2 1 0 2
cob=(2)
cfi=(212)
cfn=(1308)
calls=1 242 
0 35650664079 11935679370 7656941708 505 40700908 126491 493 90212 126388

fl=(236)
fn=(1544) __gnu_cxx::__normal_iterator<double const*, std::vector<double, std::allocator<double> > >::__normal_iterator(double const* const&)
1076 20000 0 12000 1 0 0 1
+1 28000 20000 4000 1 0 0 1

fn=(1562)
1357 20000 0 8000
+2 12000 0 4000
cfn=(1564) __gnu_cxx::__normal_iterator<double const*, std::vector<double, std::allocator<double> > >::base() const
calls=4000 1162 
* 28000 12000 8000 2 0 0 2
* 12000 12000

fn=(1564)
1162 16000 0 8000 1 0 0 1
+1 12000 12000 0 1 0 0 1

fl=(227)
fn=(1452) std::_Vector_base<double, std::allocator<double> >::_Vector_base(unsigned long, std::allocator<double> const&)
333 16032 0 10020 1 0 0 1
+1 10020 4008 2004
cfn=(1454) std::_Vector_base<double, std::allocator<double> >::_Vector_impl::_Vector_impl(std::allocator<double> const&)
calls=2004 146 
* 70140 24048 26052 2 0 750 2 0 747
+1 10020 4008 2004 1 0 0 1
cfn=(1458) std::_Vector_base<double, std::allocator<double> >::_M_create_storage(unsigned long)
calls=2004 +61 
* 539946 128715 81480 14 360 2061 11 0 2001
* 8016 6012

fn=(1458)
396 12024 0 6012
+2 10020 4008 2004 1 0 0 1
cfn=(1460) std::_Vector_base<double, std::allocator<double> >::_M_allocate(unsigned long)
calls=2004 -20 
* 485838 104667 67452 13 360 2061 10 0 2001
* 4008 2004 2004
+1 8016 6012 2004
+1 14028 8016 2004
+1 6012 4008

fn=(1502) std::_Vector_base<std::vector<double, std::allocator<double> >, std::allocator<std::vector<double, std::allocator<double> > > >::_Vector_impl::_Vector_impl(std::allocator<std::vector<double, std::allocator<double> > > const&)
146 56 16 28 1 0 0 1
fi=(229)
-54 4
fi=(230)
+76 4
fe=(227)
-21 12 4 4
cfn=(1504) std::_Vector_base<std::vector<double, std::allocator<double> >, std::allocator<std::vector<double, std::allocator<double> > > >::_Vector_impl_data::_Vector_impl_data()
calls=4 -48 
* 52 20 20 1 0 1 1
+1 12 8

fn=(1506) std::_Vector_base<std::vector<double, std::allocator<double> >, std::allocator<std::vector<double, std::allocator<double> > > >::_M_create_storage(unsigned long)
396 24 0 12
+2 20 8 4 1 0 0 1
cfn=(1508) std::_Vector_base<std::vector<double, std::allocator<double> >, std::allocator<std::vector<double, std::allocator<double> > > >::_M_allocate(unsigned long)
calls=4 -20 
* 984 204 132 3 3 4 3 0 4
* 8 4 4
+1 16 12 4
+1 40 16 4 1 0 0 1
+1 12 8

fn=(1576)
733 10020 0 4008
+3 6012 2004 2004 1 0 0 1
cfn=(1472) std::_Vector_base<double, std::allocator<double> >::_M_get_Tp_allocator()
calls=2004 301 
* 14028 6012 4008
-1 14028 8016 6012 0 501 0 0 102
fi=(231) /usr/include/c++/13/bits/alloc_traits.h
948 10020 4008 2004
cfi=(234)
cfn=(1578) void std::_Destroy<double*>(double*, double*)
calls=2004 182 
* 44088 12024 14028
+1 2004
fe=(227)
738 6012 2004 2004
cfn=(1584) std::_Vector_base<double, std::allocator<double> >::~_Vector_base()
calls=2004 367 
* 665129 207203 120358 31 2366 17 30 514 2
* 6012 4008

fn=(1676) std::_Vector_base<std::vector<double, std::allocator<double> >, std::allocator<std::vector<double, std::allocator<double> > > >::_M_deallocate(std::vector<double, std::allocator<double> >*, unsigned long)
386 28 0 16
+3 8 4
+1 24 12 12
fi=(231)
517 24 12 4
cfi=(229)
cfn=(1678)
calls=4 156 
* 1489 424 240 0 2 0 0 1
* 4
fe=(227)
391 12 8

fn=(1660)
733 20 0 8
+3 12 4 4
cfn=(1516) std::_Vector_base<std::vector<double, std::allocator<double> >, std::allocator<std::vector<double, std::allocator<double> > > >::_M_get_Tp_allocator()
calls=4 301 
* 28 12 8
-1 28 16 12 0 1 0 0 1
fi=(231)
948 20 8 4
cfi=(234)
cfn=(1662) void std::_Destroy<std::vector<double, std::allocator<double> >*>(std::vector<double, std::allocator<double> >*, std::vector<double, std::allocator<double> >*)
calls=4 182 
* 828751 262394 169904 8 2768 3 8 615 2
+1 4
fe=(227)
738 12 4 4 0 2 0 0 1
cfn=(1674) std::_Vector_base<std::vector<double, std::allocator<double> >, std::allocator<std::vector<double, std::allocator<double> > > >::~_Vector_base()
calls=4 367 
* 1777 524 312 0 5 0 0 2
* 12 8

fn=(1460)
378 12024 0 6012
+3 12024 6012 4008
fi=(231)
482 12024 4008 2004 1 0 0 1
cfi=(229)
cfn=(1462)
calls=2004 126 
* 441750 90639 55428 12 360 2061 9 0 2001
* 4008
fe=(227)
382 4008 4008

fn=(1472)
301 16032 0 8016 1 0 0 1
+1 12024 12024

fn=(1494) std::vector<std::vector<double, std::allocator<double> >, std::allocator<std::vector<double, std::allocator<double> > > >::_S_max_size(std::allocator<std::vector<double, std::allocator<double> > > const&)
1916 32 4 12 2 0 0 2
+5 32 12 16
fi=(229)
233 4
-50 4
fi=(231)
574 4
fe=(227)
1923 4 0 4
+1 20 0 4 1 0 0 1
cfi=(228)
cfn=(1446)
calls=4 233 
* 56 28 12
* 4 4
+1 20 16

fn=(1536) std::_Vector_base<double, std::allocator<double> >::_M_get_Tp_allocator() const
306 8000 0 4000 1 0 0 1
+1 6000 6000

fn=(1634)
1126 3750000000 0 2250000000
+3 3750000000 2250000000 0 0 6175324 0 0 495
+1 1500000000 1500000000

fn=(1440)
569 36 0 24 2 0 0 2
+2 24 12 4
cfn=(1442) std::vector<double, std::allocator<double> >::_S_check_init_len(unsigned long, std::allocator<double> const&)
calls=4 1907 
* 352 112 96 9 0 0 9
* 24 4 4
cfn=(1452)
calls=4 333 
* 1234 331 240 15 0 1 15 0 1
+1 24 12 4 1 0 0 1
cfn=(1470) std::vector<double, std::allocator<double> >::_M_fill_initialize(unsigned long, double const&)
calls=4 1704 
* 14636 8216 4196 13 0 62 13 0 62
* 16 12

fn=(1490)
569 36 0 24 1 0 0 1
+2 24 12 4
cfn=(1492) std::vector<std::vector<double, std::allocator<double> >, std::allocator<std::vector<double, std::allocator<double> > > >::_S_check_init_len(unsigned long, std::allocator<std::vector<double, std::allocator<double> > > const&)
calls=4 1907 
* 352 112 96 6 0 0 6
* 24 4 4 1 0 0 1
cfn=(1500) std::_Vector_base<std::vector<double, std::allocator<double> >, std::allocator<std::vector<double, std::allocator<double> > > >::_Vector_base(unsigned long, std::allocator<std::vector<double, std::allocator<double> > > const&)
calls=4 333 
* 1332 328 240 9 3 5 9 0 4
+1 24 12 4
cfn=(1514) std::vector<std::vector<double, std::allocator<double> >, std::allocator<std::vector<double, std::allocator<double> > > >::_M_fill_initialize(unsigned long, std::vector<double, std::allocator<double> > const&)
calls=4 1704 
* 2403066 730588 653448 40 374 126313 37 0 126247
* 16 12 0 1 4 0 1

fn=(1504)
99 16 0 8
+1 24 12 12 1 0 1 1
+1 12 8

fn=(1546) std::vector<double, std::allocator<double> >::begin() const
883 16000 2000 6000
+1 10000 2000 2000
cfi=(236)
cfn=(1544)
calls=2000 1076 
* 24000 10000 8000
* 12000 10000

fn=(1508)
378 24 0 12
+3 24 12 8
fi=(231)
482 24 8 4 1 0 0 1
cfi=(229)
cfn=(1510)
calls=4 126 
* 896 176 108 2 3 4 2 0 4
* 8
fe=(227)
382 8 8

fn=(1534) std::vector<double, std::allocator<double> >::vector(std::vector<double, std::allocator<double> > const&)
601 24000 2000 14000 1 0 0 1
+2 8000 4000 2000
cfn=(1536)
calls=2000 306 
* 14000 6000 4000 1 0 0 1
* 22000 8000 12000 1 0 0 1
fi=(229)
92 2000
fi=(230)
+76 2000
fi=(231)
588 2000
fi=(268) /usr/include/c++/13/ext/alloc_traits.h
98 2000
fe=(227)
603 6000 2000 2000
cfn=(1538) std::vector<double, std::allocator<double> >::size() const
calls=2000 992 
* 26000 12000 4000
* 12000 0 2000
cfn=(1452)
calls=2000 333 
* 652940 166460 121320 3 360 2810 0 0 2747
fi=(230)
184 6000 0 2000
cfi=(229)
cfn=(1448)
calls=2000 -80 
* 14000 4000 4000
* 2000
fe=(227)
608 6000 2000 2000 1 0 0 1
cfn=(1472)
calls=2000 301 
* 14000 6000 4000
* 2000
-2 10000 6000 2000
cfn=(1542) std::vector<double, std::allocator<double> >::end() const
calls=2000 903 
* 64000 24000 16000 4 0 0 4
* 8000 2000 2000
cfn=(1546)
calls=2000 883 
* 62000 24000 16000
* 10000 0 2000 1 0 0 1
cfi=(232)
cfn=(1548)
calls=2000 366 
* 1279750 406000 398000 16 2 123500 16 0 123500
-1 4000 2000 2000
+4 20000 14000

fn=(1456) std::_Vector_base<double, std::allocator<double> >::_Vector_impl_data::_Vector_impl_data()
99 8016 0 4008
+1 12024 6012 6012 1 0 750 1 0 747
+1 6012 4008

fn=(1516)
301 32 0 16 1 0 0 1
+1 24 24

fn=(1586) std::_Vector_base<double, std::allocator<double> >::_M_deallocate(double*, unsigned long)
386 14028 0 8016 1 0 0 1
+3 4008 2004
+1 12024 6012 6012
fi=(231)
517 12024 6012 2004
cfi=(229)
cfn=(1588)
calls=2004 156 
* 522845 157103 84286 30 2113 17 29 465 2
* 2004
fe=(227)
391 6012 4008

fn=(1444) std::vector<double, std::allocator<double> >::_S_max_size(std::allocator<double> const&)
1916 32 4 12 1 0 0 1
+5 32 12 16 1 0 0 1
fi=(229)
233 4
-50 4
fi=(231)
574 4
fe=(227)
1923 4 0 4
+1 20 0 4
cfi=(228)
cfn=(1446)
calls=4 233 
* 56 28 12 2 0 0 2
* 4 4
+1 20 16 0 1 0 0 1

fn=(1500)
333 32 0 20 1 0 0 1
+1 20 8 4
cfn=(1502)
calls=4 146 
* 140 48 52 2 0 1 2
+1 20 8 4
cfn=(1506)
calls=4 +61 
* 1104 252 160 5 3 4 5 0 4
* 16 12 0 1 0 0 1

fn=(1514)
1704 28 0 16 2 0 0 2
+4 12 4 4
cfn=(1516)
calls=4 301 
* 28 12 8 1 0 0 1
* 4
-1 24 16 4
cfi=(232)
cfn=(1518)
calls=4 465 
* 2402950 730544 653412 37 374 126310 34 0 126247
-1 8 4 4 0 0 3
+3 12 8

fn=(1542)
903 16000 2000 6000 1 0 0 1
+1 12000 2000 2000 1 0 0 1
cfi=(236)
cfn=(1544)
calls=2000 1076 
* 24000 10000 8000 2 0 0 2
* 12000 10000

fn=(1674)
367 20 0 8
+3 32 16 0 0 3 0 0 1
-1 28 12 4
cfn=(1676)
calls=4 +17 
* 1589 460 272 0 2 0 0 1
+2 12 4 4
cfn=(1682) std::_Vector_base<std::vector<double, std::allocator<double> >, std::allocator<std::vector<double, std::allocator<double> > > >::_Vector_impl::~_Vector_impl()
calls=4 133 
* 84 24 24
* 12 8

fn=(1454)
146 28056 8016 14028 1 0 0 1
fi=(229)
-54 2004
fi=(230)
+76 2004
fe=(227)
-21 6012 2004 2004
cfn=(1456)
calls=2004 -48 
* 26052 10020 10020 1 0 750 1 0 747
+1 6012 4008

fn=(1632)
1126 3750000000 0 2250000000 1 0 0 1
+3 6000000000 2250000000 0 1 2 0 1
+1 1500000000 1500000000

fn=(1442)
1907 64 12 32 2 0 0 2
fi=(229)
92 4
fi=(230)
+76 4
fe=(227)
1909 12 0 4 1 0 0 1
cfn=(1444)
calls=4 +7 
* 180 64 48 5 0 0 5
* 8 4
fi=(230)
184 12 0 4
cfi=(229)
cfn=(1448)
calls=4 -80 
* 28 8 8
* 4
fe=(227)
1909 8
+3 4 4 0 1 0 0 1
+1 24 20

fn=(1470)
1704 28 0 16 1 0 0 1
+4 12 4 4
cfn=(1472)
calls=4 301 
* 28 12 8 1 0 0 1
* 4
-1 24 16 4
cfi=(232)
cfn=(1474)
calls=4 465 
* 14520 8172 4160 11 0 62 11 0 62
-1 8 4 4
+3 12 8

fn=(1492)
1907 64 12 32 1 0 0 1
fi=(229)
92 4
fi=(230)
+76 4
fe=(227)
1909 12 0 4
cfn=(1494)
calls=4 +7 
* 180 64 48 3 0 0 3
* 8 4
fi=(230)
184 12 0 4 1 0 0 1
cfi=(229)
cfn=(1496)
calls=4 -80 
* 28 8 8
* 4
fe=(227)
1909 8
+3 4 4
+1 24 20 0 1 0 0 1

fn=(1538)
992 8000 0 4000
+1 18000 12000

fn=(1584)
367 10020 0 4008
+3 14028 8016 0 0 253 0 0 49
-1 14028 6012 2004
cfn=(1586)
calls=2004 +17 
* 572945 175139 100318 31 2113 17 30 465 2
+2 6012 2004 2004
cfn=(1616) std::_Vector_base<double, std::allocator<double> >::_Vector_impl::~_Vector_impl()
calls=2004 133 
* 42084 12024 12024
* 6012 4008

fn=(1616)
133 14028 2004 6012
fi=(230)
+51 6012 2004 2004
cfi=(229)
cfn=(1448)
calls=2004 -80 
* 14028 4008 4008
* 2004
fe=(227)
-51 6012 4008

fn=(1682)
133 28 4 12
fi=(230)
+51 12 4 4
cfi=(229)
cfn=(1496)
calls=4 -80 
* 28 8 8
* 4
fe=(227)
-51 12 8

fl=(233)
fn=(1526)
51 16000 0 8000
+1 12000 12000

fn=(1532) std::vector<double, std::allocator<double> > const& std::forward<std::vector<double, std::allocator<double> > const&>(std::remove_reference<std::vector<double, std::allocator<double> > const&>::type&)
70 8000 0 4000
+1 6000 6000

fl=(235) /usr/include/c++/13/new
fn=(1530) operator new(unsigned long, void*)
175 16000 6000 6000 1 0 0 1

fl=(234)
fn=(1664) void std::_Destroy_aux<false>::__destroy<std::vector<double, std::allocator<double> >*>(std::vector<double, std::allocator<double> >*, std::vector<double, std::allocator<double> >*)
160 24 0 12
+2 4
+1 6000 2000 2000
cfi=(233)
cfn=(1526)
calls=2000 51 
* 14000 6000 4000
* 4000 0 2000
cfn=(1666) void std::_Destroy<std::vector<double, std::allocator<double> > >(std::vector<double, std::allocator<double> >*)
calls=2000 -17 
* 796639 250362 159876 8 2768 3 8 615 2
-1 8012 4008 2000
+2 16 8

fn=(1666)
146 10000 0 4000
+5 6000 2000 2000
cfi=(227)
cfn=(1576)
calls=2000 733 
* 774639 244362 153876 8 2768 3 8 615 2
+2 6000 4000

fn=(1528)
109 20000 0 14000 1 0 0 1
+10 8000 2000 2000
cfi=(235)
cfn=(1530)
calls=2000 +56 
* 16000 6000 6000 1 0 0 1
* 10000 2000 2000
cfi=(233)
cfn=(1532)
calls=2000 -49 
* 14000 6000 4000
* 6000 0 2000
cfi=(227)
cfn=(1534)
calls=2000 601 
* 2274690 690460 611320 28 362 126310 25 0 126247
+1 16000 12000

fn=(1580) void std::_Destroy_aux<true>::__destroy<double*>(double*, double*)
172 16032 4008 6012

fn=(1662)
182 24 0 12
+14 20 8 4
cfn=(1664)
calls=4 -36 
* 828695 262378 169888 8 2768 3 8 615 2
+1 12 8

fn=(1578)
182 12024 0 6012
+14 10020 4008 2004
cfn=(1580)
calls=2004 -24 
* 16032 4008 6012
+1 6012 4008

fl=(237)
fn=(1556)
607 16000 0 8000 1 0 0 1
+1 12000 12000

totals: 35652541410 11936173175 7657115061 2213 40712395 128978 2162 97308 128140
